Workbook

Sheet Interprete_Date
B1: A prescindere da come venga scritta, alla fine ti dice SEMPRE quanti giorni conta l'analisi
A3: Modulo 2
B4: =Progressivo_Giornaliero!A2 -> Dati Aggiornati al 30/07/2026 23:23:23 | D4: Punta qui la data del report
B5: =TRIM(B4) -> Dati Aggiornati al 30/07/2026 23:23:23 | D5: annulla spazi
B6: =MID(B5,20,10) -> 30/07/2026 | D6: Taglia l'orario
B7: =LEFT(B6,2) -> 30
B8: =B7+1 -> 31 | D8: Crea l'indice per il CERCA.V
B10: Creazine Indice per il BRIEFING
B11: Prendo la data della chiusura di ieri e faccio +1
B12: =B7 -> 30
B13: =B12+2 -> 32
B15: La scelta del giorno del Briefing è :
B16: =Kerb_BRIEFING!A1 -> 1
B17: =B16+1 -> 2
B23: =_xlfn.NUMBERVALUE(B22) -> 0 | D23: Numero.valore
B24: =LOWER(B12) -> 30 | D24: minusc(b12)
B25: gen | C25: =IFERROR(FIND(B25,$D$93,1),0) -> 0 | D25: 31 | E25: =IF(C25=0,0,D25) -> 0
B26: feb | C26: =IFERROR(FIND(B26,$D$93,1),0) -> 0 | D26: 29 | E26: =IF(C26=0,0,D26) -> 0
B27: mar | C27: =IFERROR(FIND(B27,$D$93,1),0) -> 0 | D27: 31 | E27: =IF(C27=0,0,D27) -> 0
B28: apr | C28: =IFERROR(FIND(B28,$D$93,1),0) -> 0 | D28: 30 | E28: =IF(C28=0,0,D28) -> 0
B29: mag | C29: =IFERROR(FIND(B29,$D$93,1),0) -> 0 | D29: 31 | E29: =IF(C29=0,0,D29) -> 0
B30: giu | C30: =IFERROR(FIND(B30,$D$93,1),0) -> 0 | D30: 30 | E30: =IF(C30=0,0,D30) -> 0
B31: lug | C31: =IFERROR(FIND(B31,$D$93,1),0) -> 0 | D31: 31 | E31: =IF(C31=0,0,D31) -> 0
B32: ago | C32: =IFERROR(FIND(B32,$D$93,1),0) -> 0 | D32: 31 | E32: =IF(C32=0,0,D32) -> 0
B33: set | C33: =IFERROR(FIND(B33,$D$93,1),0) -> 0 | D33: 30 | E33: =IF(C33=0,0,D33) -> 0
B34: ott | C34: =IFERROR(FIND(B34,$D$93,1),0) -> 0 | D34: 31 | E34: =IF(C34=0,0,D34) -> 0
B35: nov | C35: =IFERROR(FIND(B35,$D$93,1),0) -> 0 | D35: 30 | E35: =IF(C35=0,0,D35) -> 0
B36: dic | C36: =IFERROR(FIND(B36,$D$93,1),0) -> 0 | D36: 31 | E36: =IF(C36=0,0,D36) -> 0
B37: Quanti giorni ha il mese in analisi | E37: =SUM(E25:E36) -> 0
B38: Il Report quanti giorni copre? | E38: =B23 -> 0
B39: Giorni mancanti a fine mese (TOT Mese - Giorni del Report) | E39: =E37-E38 -> 0

Sheet Negozi
B5: ALESSANDRIA | E5: 1 | I5: ALESSANDRIA
B6: ANCONA | E6: 2 | I6: ANCONA
B7: ANZANO XPRESS | E7: 3 | I7: ANZANO XPRESS
B8: ARESE | E8: 4 | I8: ARESE
B9: ASCOLI PICENO | E9: 5 | I9: ASCOLI PICENO
B10: ASTI | E10: 6 | I10: ASTI
B11: AVEZZANO | E11: 7 | I11: AVEZZANO
B12: BARI 1 | E12: 8 | I12: BARI 1
B13: BARI 2 | E13: 9 | I13: BARI 2
B14: BARI BLU | E14: 10 | I14: BARI BLU
B15: BASSANO DEL GRAPPA | E15: 11 | I15: BASSANO DEL GRAPPA
B16: BENEVENTO | E16: 12 | I16: BENEVENTO
... B35: CATANIA 1 | E35: 31 | I35: CATANIA 2
B36: CATANIA 2 | I36: CATANZARO
B37: CATANZARO | I37: CHIETI
B38: CHIETI | I38: CHIVASSO
B39: CHIVASSO | I39: COMO
B40: COMO XPRESS | I40: CONEGLIANO
B41: CONEGLIANO | I41: CORRIDONIA
B42: CORRIDONIA | I42: COSENZA
B43: COSENZA | I43: CREMONA
B44: CREMONA | I44: EMPOLI
B45: CUNEO XPRESS | I45: ERBA XPRESS
B46: EMPOLI | I46: ERBUSCO
B47: ERBA XPRESS | I47: FERRARA
... B155: VIGNATE | I155: VITTUONE
B156: VILLESSE
B157: VITERBO
B158: VITTUONE
B159: AREA 1 - Milano & Surroundings
B160: AREA 2 - Nord Est
B161: AREA 3 - Nord Ovest
B162: AREA 4 - Centro & Sardegna
B163: AREA 5 - Tirrenica & Sicilia
B164: AREA 6 - Sud
B165: AREA SMART
B166: AREA XPRESS
B167: NORD - Loseto
... B169: TOTALE

Sheet Trans Nomenclatura
A1: 1 | B1: 2 | C1: 3 | D1: 4 | E1: 5 | F1: 6 | G1: 7 | H1: 8 | I1: 9 | J1: 10 | K1: 11 | L1: 12 | M1: 13 | N1: 14 | O1: 15 | P1: 16 | Q1: 17 | R1: 18 | S1: 19 | T1: 20 | U1: 21 | V1: 22 | W1: 23 | X1: 24 | Y1: 25
A2: Nome Negozio | B2: Area | C2: Imponibile AC | D2: Imponibile AP | E2: vs AP | F2: Pedonabilità AC | G2: Pedonabilità AP | H2: vs AP | I2: Accessori | J2: Protection | K2: EBIT Polizze | L2: MWService | M2: EBIT MWService | N2: Ready to use PC | O2: Ready to use SMPH | P2: Ready to use 1° Avvio Smph | Q2: Screen Protection | R2: Office | S2: McAfee | T2: Calibrazione | U2: Small Repair | V2: Home Delivery | W2: Stock Over 9 | X2: Stock Over 12 | Y2: Own Brands
A4: =MID(Progressivo_Giornaliero!C16,5,30) -> o Vendita | B4: =Progressivo_Giornaliero!B16 -> Area | C4: =Progressivo_Giornaliero!D16 -> Imponibile AC | D4: =Progressivo_Giornaliero!E16 -> Imponibile AP | E4: =Progressivo_Giornaliero!F16 -> vs AP | F4: =Progressivo_Giornaliero!G16 -> Pedonabilità AC | G4: =Progressivo_Giornaliero!H16 -> Pedonabilità AP | H4: =Progressivo_Giornaliero!I16 -> vs AP | I4: =Progressivo_Giornaliero!J16 -> Accessori | J4: =Progressivo_Giornaliero!K16 -> Protection | ... Y4: =Progressivo_Giornaliero!Z16 -> Own Brands
A5: =MID(Progressivo_Giornaliero!C17,5,30) -> ROMA 4 | B5: =Progressivo_Giornaliero!B17 -> AREA 5 - Tirrenica & Sicilia | C5: =Progressivo_Giornaliero!D17 -> 117003.29 | D5: =Progressivo_Giornaliero!E17 -> 95502.85 | E5: =Progressivo_Giornaliero!F17 -> 21500.44 | F5: =Progressivo_Giornaliero!G17 -> 4060 | G5: =Progressivo_Giornaliero!H17 -> 3618 | H5: =Progressivo_Giornaliero!I17 -> 442 | I5: =Progressivo_Giornaliero!J17 -> 10191.1 | J5: =Progressivo_Giornaliero!K17 -> 7406.91 | ... Y5: =Progressivo_Giornaliero!Z17 -> 3903.96
A6: =MID(Progressivo_Giornaliero!C18,5,30) -> MILANO CERTOSA | B6: =Progressivo_Giornaliero!B18 -> AREA 1 - Milano & Surroundings | C6: =Progressivo_Giornaliero!D18 -> 87798.16 | D6: =Progressivo_Giornaliero!E18 -> 76751.96 | E6: =Progressivo_Giornaliero!F18 -> 11046.2 | F6: =Progressivo_Giornaliero!G18 -> 1384 | G6: =Progressivo_Giornaliero!H18 -> 1746 | H6: =Progressivo_Giornaliero!I18 -> -362 | I6: =Progressivo_Giornaliero!J18 -> 9946.59 | J6: =Progressivo_Giornaliero!K18 -> 4804.67 | ... Y6: =Progressivo_Giornaliero!Z18 -> 2172.15
A7: =MID(Progressivo_Giornaliero!C19,5,30) -> CAGLIARI | B7: =Progressivo_Giornaliero!B19 -> AREA 4 - Centro & Sardegna | C7: =Progressivo_Giornaliero!D19 -> 79025.19 | D7: =Progressivo_Giornaliero!E19 -> 65352.48 | E7: =Progressivo_Giornaliero!F19 -> 13672.71 | F7: =Progressivo_Giornaliero!G19 -> 1331 | G7: =Progressivo_Giornaliero!H19 -> 1390 | H7: =Progressivo_Giornaliero!I19 -> -59 | I7: =Progressivo_Giornaliero!J19 -> 5129.95 | J7: =Progressivo_Giornaliero!K19 -> 3525.32 | ... Y7: =Progressivo_Giornaliero!Z19 -> 2218.66
A8: =MID(Progressivo_Giornaliero!C20,5,30) -> BARI 2 | B8: =Progressivo_Giornaliero!B20 -> AREA 6 - Sud | C8: =Progressivo_Giornaliero!D20 -> 72280.73 | D8: =Progressivo_Giornaliero!E20 -> 40229.34 | E8: =Progressivo_Giornaliero!F20 -> 32051.39 | F8: =Progressivo_Giornaliero!G20 -> 4213 | G8: =Progressivo_Giornaliero!H20 -> 1721 | H8: =Progressivo_Giornaliero!I20 -> 2492 | I8: =Progressivo_Giornaliero!J20 -> 5489.04 | J8: =Progressivo_Giornaliero!K20 -> 3905.67 | ... Y8: =Progressivo_Giornaliero!Z20 -> 4684.36
A9: =MID(Progressivo_Giornaliero!C21,5,30) -> BARI 1 | B9: =Progressivo_Giornaliero!B21 -> AREA 6 - Sud | C9: =Progressivo_Giornaliero!D21 -> 71389.49 | D9: =Progressivo_Giornaliero!E21 -> 63042.11 | E9: =Progressivo_Giornaliero!F21 -> 8347.38 | F9: =Progressivo_Giornaliero!G21 -> 1510 | G9: =Progressivo_Giornaliero!H21 -> 1607 | H9: =Progressivo_Giornaliero!I21 -> -97 | I9: =Progressivo_Giornaliero!J21 -> 5728.51 | J9: =Progressivo_Giornaliero!K21 -> 5923.76 | ... Y9: =Progressivo_Giornaliero!Z21 -> 2811.11
A10: =MID(Progressivo_Giornaliero!C22,5,30) -> BRESCIA 1 | B10: =Progressivo_Giornaliero!B22 -> AREA 2 - Nord Est | C10: =Progressivo_Giornaliero!D22 -> 65418.13 | D10: =Progressivo_Giornaliero!E22 -> 63081.35 | E10: =Progressivo_Giornaliero!F22 -> 2336.78 | F10: =Progressivo_Giornaliero!G22 -> 1140 | G10: =Progressivo_Giornaliero!H22 -> 1095 | H10: =Progressivo_Giornaliero!I22 -> 45 | I10: =Progressivo_Giornaliero!J22 -> 6170.94 | J10: =Progressivo_Giornaliero!K22 -> 4805.67 | ... Y10: =Progressivo_Giornaliero!Z22 -> 1915.11
A11: =MID(Progressivo_Giornaliero!C23,5,30) -> PADOVA 1 | B11: =Progressivo_Giornaliero!B23 -> AREA 2 - Nord Est | C11: =Progressivo_Giornaliero!D23 -> 60824.61 | D11: =Progressivo_Giornaliero!E23 -> 40680.04 | E11: =Progressivo_Giornaliero!F23 -> 20144.57 | F11: =Progressivo_Giornaliero!G23 -> 877 | G11: =Progressivo_Giornaliero!H23 -> 975 | H11: =Progressivo_Giornaliero!I23 -> -98 | I11: =Progressivo_Giornaliero!J23 -> 5405.57 | J11: =Progressivo_Giornaliero!K23 -> 2116.75 | ... Y11: =Progressivo_Giornaliero!Z23 -> 2006.49
A12: =MID(Progressivo_Giornaliero!C24,5,30) -> ROMA 5 | B12: =Progressivo_Giornaliero!B24 -> AREA 5 - Tirrenica & Sicilia | C12: =Progressivo_Giornaliero!D24 -> 60812.92 | D12: =Progressivo_Giornaliero!E24 -> 58879.15 | E12: =Progressivo_Giornaliero!F24 -> 1933.77 | F12: =Progressivo_Giornaliero!G24 -> 1265 | G12: =Progressivo_Giornaliero!H24 -> 1392 | H12: =Progressivo_Giornaliero!I24 -> -127 | I12: =Progressivo_Giornaliero!J24 -> 3576.86 | J12: =Progressivo_Giornaliero!K24 -> 4595.54 | ... Y12: =Progressivo_Giornaliero!Z24 -> 2167.72
A13: =MID(Progressivo_Giornaliero!C25,5,30) -> CARUGATE | B13: =Progressivo_Giornaliero!B25 -> AREA 1 - Milano & Surroundings | C13: =Progressivo_Giornaliero!D25 -> 58983.43 | D13: =Progressivo_Giornaliero!E25 -> 31208.64 | E13: =Progressivo_Giornaliero!F25 -> 27774.79 | F13: =Progressivo_Giornaliero!G25 -> 1655 | G13: =Progressivo_Giornaliero!H25 -> 686 | H13: =Progressivo_Giornaliero!I25 -> 969 | I13: =Progressivo_Giornaliero!J25 -> 3927.06 | J13: =Progressivo_Giornaliero!K25 -> 2233.77 | ... Y13: =Progressivo_Giornaliero!Z25 -> 1381.02
A14: =MID(Progressivo_Giornaliero!C26,5,30) -> TRENTO | B14: =Progressivo_Giornaliero!B26 -> AREA 2 - Nord Est | C14: =Progressivo_Giornaliero!D26 -> 58801.2 | D14: =Progressivo_Giornaliero!E26 -> 102024.75 | E14: =Progressivo_Giornaliero!F26 -> -43223.55 | F14: =Progressivo_Giornaliero!G26 -> 1182 | G14: =Progressivo_Giornaliero!H26 -> 1179 | H14: =Progressivo_Giornaliero!I26 -> 3 | I14: =Progressivo_Giornaliero!J26 -> 5230.93 | J14: =Progressivo_Giornaliero!K26 -> 2009.79 | ... Y14: =Progressivo_Giornaliero!Z26 -> 1797.53
A15: =MID(Progressivo_Giornaliero!C27,5,30) -> GENOVA | B15: =Progressivo_Giornaliero!B27 -> AREA 3 - Nord Ovest | C15: =Progressivo_Giornaliero!D27 -> 57261.94 | D15: =Progressivo_Giornaliero!E27 -> 57721.58 | E15: =Progressivo_Giornaliero!F27 -> -459.64 | F15: =Progressivo_Giornaliero!G27 -> 2733 | G15: =Progressivo_Giornaliero!H27 -> 2441 | H15: =Progressivo_Giornaliero!I27 -> 292 | I15: =Progressivo_Giornaliero!J27 -> 7511 | J15: =Progressivo_Giornaliero!K27 -> 2301.64 | ... Y15: =Progressivo_Giornaliero!Z27 -> 3500.56
... A159: =MID(Progressivo_Giornaliero!C171,5,30) -> PESARO | B159: =Progressivo_Giornaliero!B171 -> AREA 4 - Centro & Sardegna | C159: =Progressivo_Giornaliero!D171 -> 0 | D159: =Progressivo_Giornaliero!E171 -> 14135.95 | E159: =Progressivo_Giornaliero!F171 -> -14135.95 | F159: =Progressivo_Giornaliero!G171 -> 0 | G159: =Progressivo_Giornaliero!H171 -> 0 | H159: =Progressivo_Giornaliero!I171 -> 0 | I159: =Progressivo_Giornaliero!J171 -> 0 | J159: =Progressivo_Giornaliero!K171 -> 0 | ... Y159: =Progressivo_Giornaliero!Z171 -> 0
A160: =MID(Progressivo_Giornaliero!C173,5,30) -> ROMA CASETTA MATTEI XPRS | B160: =Progressivo_Giornaliero!B173 -> AREA XPRESS | C160: =Progressivo_Giornaliero!D173 -> 0 | D160: =Progressivo_Giornaliero!E173 -> 0 | E160: =Progressivo_Giornaliero!F173 -> 0 | F160: =Progressivo_Giornaliero!G173 -> 0 | G160: =Progressivo_Giornaliero!H173 -> 0 | H160: =Progressivo_Giornaliero!I173 -> 0 | I160: =Progressivo_Giornaliero!J173 -> 0 | J160: =Progressivo_Giornaliero!K173 -> 0 | ... Y160: =Progressivo_Giornaliero!Z173 -> 0
A161: =MID(Progressivo_Giornaliero!C174,5,30) | B161: =Progressivo_Giornaliero!B174 -> 0 | C161: =Progressivo_Giornaliero!D174 -> 0 | D161: =Progressivo_Giornaliero!E174 -> 0 | E161: =Progressivo_Giornaliero!F174 -> 0 | F161: =Progressivo_Giornaliero!G174 -> 0 | G161: =Progressivo_Giornaliero!H174 -> 0 | H161: =Progressivo_Giornaliero!I174 -> 0 | I161: =Progressivo_Giornaliero!J174 -> 0 | J161: =Progressivo_Giornaliero!K174 -> 0 | ... Y161: =Progressivo_Giornaliero!Z174 -> 0
A162: =MID(Progressivo_Giornaliero!C175,5,30) | B162: =Progressivo_Giornaliero!B175 -> 0 | C162: =Progressivo_Giornaliero!D175 -> 0 | D162: =Progressivo_Giornaliero!E175 -> 0 | E162: =Progressivo_Giornaliero!F175 -> 0 | F162: =Progressivo_Giornaliero!G175 -> 0 | G162: =Progressivo_Giornaliero!H175 -> 0 | H162: =Progressivo_Giornaliero!I175 -> 0 | I162: =Progressivo_Giornaliero!J175 -> 0 | J162: =Progressivo_Giornaliero!K175 -> 0 | ... Y162: =Progressivo_Giornaliero!Z175 -> 0
A163: =MID(Progressivo_Giornaliero!C176,5,30) | B163: =Progressivo_Giornaliero!B176 -> 0 | C163: =Progressivo_Giornaliero!D176 -> 0 | D163: =Progressivo_Giornaliero!E176 -> 0 | E163: =Progressivo_Giornaliero!F176 -> 0 | F163: =Progressivo_Giornaliero!G176 -> 0 | G163: =Progressivo_Giornaliero!H176 -> 0 | H163: =Progressivo_Giornaliero!I176 -> 0 | I163: =Progressivo_Giornaliero!J176 -> 0 | J163: =Progressivo_Giornaliero!K176 -> 0 | ... Y163: =Progressivo_Giornaliero!Z176 -> 0
A164: =MID(Progressivo_Giornaliero!C177,5,30) | B164: =Progressivo_Giornaliero!B177 -> 0 | C164: =Progressivo_Giornaliero!D177 -> 0 | D164: =Progressivo_Giornaliero!E177 -> 0 | E164: =Progressivo_Giornaliero!F177 -> 0 | F164: =Progressivo_Giornaliero!G177 -> 0 | G164: =Progressivo_Giornaliero!H177 -> 0 | H164: =Progressivo_Giornaliero!I177 -> 0 | I164: =Progressivo_Giornaliero!J177 -> 0 | J164: =Progressivo_Giornaliero!K177 -> 0 | ... Y164: =Progressivo_Giornaliero!Z177 -> 0
A165: =MID(Progressivo_Giornaliero!C178,5,30) | B165: =Progressivo_Giornaliero!B178 -> 0 | C165: =Progressivo_Giornaliero!D178 -> 0 | D165: =Progressivo_Giornaliero!E178 -> 0 | E165: =Progressivo_Giornaliero!F178 -> 0 | F165: =Progressivo_Giornaliero!G178 -> 0 | G165: =Progressivo_Giornaliero!H178 -> 0 | H165: =Progressivo_Giornaliero!I178 -> 0 | I165: =Progressivo_Giornaliero!J178 -> 0 | J165: =Progressivo_Giornaliero!K178 -> 0 | ... Y165: =Progressivo_Giornaliero!Z178 -> 0
A166: =MID(Progressivo_Giornaliero!C179,5,30) | B166: =Progressivo_Giornaliero!B179 -> 0 | C166: =Progressivo_Giornaliero!D179 -> 0 | D166: =Progressivo_Giornaliero!E179 -> 0 | E166: =Progressivo_Giornaliero!F179 -> 0 | F166: =Progressivo_Giornaliero!G179 -> 0 | G166: =Progressivo_Giornaliero!H179 -> 0 | H166: =Progressivo_Giornaliero!I179 -> 0 | I166: =Progressivo_Giornaliero!J179 -> 0 | J166: =Progressivo_Giornaliero!K179 -> 0 | ... Y166: =Progressivo_Giornaliero!Z179 -> 0
A167: =MID(Progressivo_Giornaliero!C180,5,30) | B167: =Progressivo_Giornaliero!B180 -> 0 | C167: =Progressivo_Giornaliero!D180 -> 0 | D167: =Progressivo_Giornaliero!E180 -> 0 | E167: =Progressivo_Giornaliero!F180 -> 0 | F167: =Progressivo_Giornaliero!G180 -> 0 | G167: =Progressivo_Giornaliero!H180 -> 0 | H167: =Progressivo_Giornaliero!I180 -> 0 | I167: =Progressivo_Giornaliero!J180 -> 0 | J167: =Progressivo_Giornaliero!K180 -> 0 | ... Y167: =Progressivo_Giornaliero!Z180 -> 0
A168: =MID(Progressivo_Giornaliero!C181,5,30) | B168: =Progressivo_Giornaliero!B181 -> 0 | C168: =Progressivo_Giornaliero!D181 -> 0 | D168: =Progressivo_Giornaliero!E181 -> 0 | E168: =Progressivo_Giornaliero!F181 -> 0 | F168: =Progressivo_Giornaliero!G181 -> 0 | G168: =Progressivo_Giornaliero!H181 -> 0 | H168: =Progressivo_Giornaliero!I181 -> 0 | I168: =Progressivo_Giornaliero!J181 -> 0 | J168: =Progressivo_Giornaliero!K181 -> 0 | ... Y168: =Progressivo_Giornaliero!Z181 -> 0
A169: =MID(Progressivo_Giornaliero!C182,5,30) | B169: =Progressivo_Giornaliero!B182 -> 0 | C169: =Progressivo_Giornaliero!D182 -> 0 | D169: =Progressivo_Giornaliero!E182 -> 0 | E169: =Progressivo_Giornaliero!F182 -> 0 | F169: =Progressivo_Giornaliero!G182 -> 0 | G169: =Progressivo_Giornaliero!H182 -> 0 | H169: =Progressivo_Giornaliero!I182 -> 0 | I169: =Progressivo_Giornaliero!J182 -> 0 | J169: =Progressivo_Giornaliero!K182 -> 0 | ... Y169: =Progressivo_Giornaliero!Z182 -> 0
A170: =MID(Progressivo_Giornaliero!C183,5,30) | B170: =Progressivo_Giornaliero!B183 -> 0 | C170: =Progressivo_Giornaliero!D183 -> 0 | D170: =Progressivo_Giornaliero!E183 -> 0 | E170: =Progressivo_Giornaliero!F183 -> 0 | F170: =Progressivo_Giornaliero!G183 -> 0 | G170: =Progressivo_Giornaliero!H183 -> 0 | H170: =Progressivo_Giornaliero!I183 -> 0 | I170: =Progressivo_Giornaliero!J183 -> 0 | J170: =Progressivo_Giornaliero!K183 -> 0 | ... Y170: =Progressivo_Giornaliero!Z183 -> 0
A171: =MID(Progressivo_Giornaliero!C184,5,30) | B171: =Progressivo_Giornaliero!B184 -> 0 | C171: =Progressivo_Giornaliero!D184 -> 0 | D171: =Progressivo_Giornaliero!E184 -> 0 | E171: =Progressivo_Giornaliero!F184 -> 0 | F171: =Progressivo_Giornaliero!G184 -> 0 | G171: =Progressivo_Giornaliero!H184 -> 0 | H171: =Progressivo_Giornaliero!I184 -> 0 | I171: =Progressivo_Giornaliero!J184 -> 0 | J171: =Progressivo_Giornaliero!K184 -> 0 | ... Y171: =Progressivo_Giornaliero!Z184 -> 0
... A200: =MID(Progressivo_Giornaliero!C213,5,30) | B200: =Progressivo_Giornaliero!B213 -> 0 | C200: =Progressivo_Giornaliero!D213 -> 0 | D200: =Progressivo_Giornaliero!E213 -> 0 | E200: =Progressivo_Giornaliero!F213 -> 0 | F200: =Progressivo_Giornaliero!G213 -> 0 | G200: =Progressivo_Giornaliero!H213 -> 0 | H200: =Progressivo_Giornaliero!I213 -> 0 | I200: =Progressivo_Giornaliero!J213 -> 0 | J200: =Progressivo_Giornaliero!K213 -> 0 | ... Y200: =Progressivo_Giornaliero!Z213 -> 0

Sheet Kerb_Recovery
B2: BRUGHERIO XPRESS | Y2: Seleziona il negozio
B3: Data | D3: Sales | H3: Protection | O3: MW Services | AA3: McAfee | AE3: Microsoft | AI3: OB
D4: Obiettivo Sales | E4: Actual Sales | F4: Delta | G4: % | I4: Obiettivo EBIT | J4: Actual Sales | K4: Actual EBIT | L4: Delta | M4: % | N4: PEZZI U300 | O4: Obiettivo Sales | P4: Obiettivo EBIT | Q4: Actual Sales | R4: Actual EBIT | S4: Delta | T4: % | U4: Screen Sales | V4: Screen EBIT | W4: PEZZI Screen | X4: EBIT RTU | Y4: EBIT Calibrazioni | Z4: EBIT Altro | AA4: Ob. Pezzi | AB4: Actual | AC4: Delta | AD4: % | AE4: Ob. Pezzi | AF4: Actual | AG4: Delta | AH4: % | AI4: Sales | AJ4: %
B5: 1 | C5: Ago | D5: =VLOOKUP($B$2,BDGT_AREE!$A$1:$FT$239,BDGT_AREE!B$1,0) -> 9587.2461 | E5: =IFERROR(VLOOKUP($B$2,'01'!$A$1:$W$201,2,0),0) -> 0 | F5: =E5-D5 -> -9587.2461 | G5: =IFERROR(F5/D5,0) -> -1 | I5: =VLOOKUP($B$2,BDGT_AREE!$A$1:$FT$239,72,0) -> 454.69043 | J5: =IFERROR(VLOOKUP($B$2,'01'!$A$1:$X$201,3,0),0) -> 0 | K5: =IFERROR(VLOOKUP($B$2,'01'!$A$1:$X$201,4,0),0) -> 0 | L5: =IFERROR(K5-I5,0) -> -454.69043 | M5: =IFERROR(L5/I5,0) -> -1 | N5: =IFERROR(D5*Kerb_Realtime!$CD$3/Kerb_Realtime!$CE$3,0) -> 3.7766304 | O5: =(U5-V5)+P5 -> 142.80487 | P5: =VLOOKUP($B$2,BDGT_AREE!$A$1:$FT$239,37,0) -> 93.622277 | Q5: =IFERROR(VLOOKUP($B$2,'01'!$A$1:$W$201,5,0),0) -> 0 | R5: =IFERROR(VLOOKUP($B$2,'01'!$A$1:$W$201,6,0),0) -> 0 | S5: =R5-P5 -> -93.622277 | T5: =IFERROR(S5/P5,0) -> -1 | U5: =V5*Screen_Margini!$R$7 -> 110.03707 | V5: =P5*Kerb_BRIEFING!$Z$5 -> 60.85448 | W5: =V5/Screen_Margini!$G$17 -> 3.5318909 | X5: =P5*Kerb_BRIEFING!$AB$5 -> 17.788233 | Y5: =P5*Kerb_BRIEFING!$AC$5 -> 8.4260049 | Z5: =P5*Kerb_BRIEFING!$AD$5 -> 6.5535594 | AA5: =VLOOKUP($B$2,BDGT_AREE!$A$1:$FT$239,108,0) -> 1.3660392 | AB5: =IFERROR(VLOOKUP($B$2,'01'!$A$1:$W$201,8,0),0) -> 0 | AC5: =AB5-AA5 -> -1.3660392 | AD5: =IFERROR(AC5/AA5,0) -> -1 | AE5: =VLOOKUP($B$2,BDGT_AREE!$A$1:$FT$239,142,0) -> 0.23225806 | AF5: =IFERROR(VLOOKUP($B$2,'01'!$A$1:$W$201,7,0),0) -> 0 | AG5: =AF5-AE5 -> -0.23225806 | AH5: =IFERROR(AG5/AE5,0) -> -1 | AI5: =IFERROR(VLOOKUP($B$2,'01'!$A$1:$W$201,15,0),0) -> 0 | AJ5: =IFERROR(AI5/E5,0) -> 0
B6: 2 | C6: Ago | D6: =VLOOKUP($B$2,BDGT_AREE!$A$1:$FT$239,BDGT_AREE!C$1,0) -> 8359.1399 | E6: =IFERROR(VLOOKUP($B$2,'02'!$A$1:$W$201,2,0),0) -> 0 | F6: =E6-D6 -> -8359.1399 | G6: =IFERROR(F6/D6,0) -> -1 | I6: =VLOOKUP($B$2,BDGT_AREE!$A$1:$FT$239,73,0) -> 391.71479 | J6: =IFERROR(VLOOKUP($B$2,'02'!$A$1:$X$201,3,0),0) -> 0 | K6: =IFERROR(VLOOKUP($B$2,'02'!$A$1:$X$201,4,0),0) -> 0 | L6: =IFERROR(K6-I6,0) -> -391.71479 | M6: =IFERROR(L6/I6,0) -> -1 | N6: =D6*Kerb_Realtime!$CD$3/Kerb_Realtime!$CE$3 -> 3.292852 | O6: =(U6-V6)+P6 -> 123.02608 | P6: =VLOOKUP($B$2,BDGT_AREE!$A$1:$FT$239,38,0) -> 80.655383 | Q6: =IFERROR(VLOOKUP($B$2,'02'!$A$1:$W$201,5,0),0) -> 0 | R6: =IFERROR(VLOOKUP($B$2,'02'!$A$1:$W$201,6,0),0) -> 0 | S6: =R6-P6 -> -80.655383 | T6: =IFERROR(S6/P6,0) -> -1 | U6: =V6*Screen_Margini!$R$7 -> 94.796691 | V6: =P6*Kerb_BRIEFING!$Z$5 -> 52.425999 | W6: =V6/Screen_Margini!$G$17 -> 3.0427161 | X6: =P6*Kerb_BRIEFING!$AB$5 -> 15.324523 | Y6: =P6*Kerb_BRIEFING!$AC$5 -> 7.2589845 | Z6: =P6*Kerb_BRIEFING!$AD$5 -> 5.6458768 | AA6: =VLOOKUP($B$2,BDGT_AREE!$A$1:$FT$239,108,0) -> 1.3660392 | AB6: =IFERROR(VLOOKUP($B$2,'02'!$A$1:$W$201,8,0),0) -> 0 | AC6: =AB6-AA6 -> -1.3660392 | AD6: =IFERROR(AC6/AA6,0) -> -1 | AE6: =VLOOKUP($B$2,BDGT_AREE!$A$1:$FT$239,142,0) -> 0.23225806 | AF6: =IFERROR(VLOOKUP($B$2,'02'!$A$1:$W$201,7,0),0) -> 0 | AG6: =AF6-AE6 -> -0.23225806 | AH6: =IFERROR(AG6/AE6,0) -> -1 | AI6: =IFERROR(VLOOKUP($B$2,'02'!$A$1:$W$201,15,0),0) -> 0 | AJ6: =IFERROR(AI6/E6,0) -> 0
B7: 3 | C7: Ago | D7: =VLOOKUP($B$2,BDGT_AREE!$A$1:$FT$239,BDGT_AREE!D$1,0) -> 6419.1701 | E7: =IFERROR(VLOOKUP($B$2,'03'!$A$1:$X$201,2,0),0) -> 0 | F7: =E7-D7 -> -6419.1701 | G7: =IFERROR(F7/D7,0) -> -1 | I7: =VLOOKUP($B$2,BDGT_AREE!$A$1:$FT$239,74,0) -> 304.43938 | J7: =IFERROR(VLOOKUP($B$2,'03'!$A$1:$X$201,3,0),0) -> 0 | K7: =IFERROR(VLOOKUP($B$2,'03'!$A$1:$X$201,4,0),0) -> 0 | L7: =IFERROR(K7-I7,0) -> -304.43938 | M7: =IFERROR(L7/I7,0) -> -1 | N7: =D7*Kerb_Realtime!$CD$3/Kerb_Realtime!$CE$3 -> 2.5286545 | O7: =(U7-V7)+P7 -> 95.615438 | P7: =VLOOKUP($B$2,BDGT_AREE!$A$1:$FT$239,39,0) -> 62.685083 | Q7: =IFERROR(VLOOKUP($B$2,'03'!$A$1:$X$201,5,0),0) -> 0 | R7: =IFERROR(VLOOKUP($B$2,'03'!$A$1:$X$201,6,0),0) -> 0 | S7: =R7-P7 -> -62.685083 | T7: =IFERROR(S7/P7,0) -> -1 | U7: =V7*Screen_Margini!$R$7 -> 73.675659 | V7: =P7*Kerb_BRIEFING!$Z$5 -> 40.745304 | W7: =V7/Screen_Margini!$G$17 -> 2.3647884 | X7: =P7*Kerb_BRIEFING!$AB$5 -> 11.910166 | Y7: =P7*Kerb_BRIEFING!$AC$5 -> 5.6416575 | Z7: =P7*Kerb_BRIEFING!$AD$5 -> 4.3879558 | AA7: =VLOOKUP($B$2,BDGT_AREE!$A$1:$FT$239,108,0) -> 1.3660392 | AB7: =IFERROR(VLOOKUP($B$2,'03'!$A$1:$X$201,8,0),0) -> 0 | AC7: =AB7-AA7 -> -1.3660392 | AD7: =IFERROR(AC7/AA7,0) -> -1 | AE7: =VLOOKUP($B$2,BDGT_AREE!$A$1:$FT$239,142,0) -> 0.23225806 | AF7: =IFERROR(VLOOKUP($B$2,'03'!$A$1:$X$201,7,0),0) -> 0 | AG7: =AF7-AE7 -> -0.23225806 | AH7: =IFERROR(AG7/AE7,0) -> -1 | AI7: =IFERROR(VLOOKUP($B$2,'03'!$A$1:$X$201,15,0),0) -> 0 | AJ7: =IFERROR(AI7/E7,0) -> 0
B8: 4 | C8: Ago | D8: =VLOOKUP($B$2,BDGT_AREE!$A$1:$FT$239,BDGT_AREE!E$1,0) -> 6177.8645 | E8: =IFERROR(VLOOKUP($B$2,'04'!$A$1:$X$201,2,0),0) -> 0 | F8: =E8-D8 -> -6177.8645 | G8: =IFERROR(F8/D8,0) -> -1 | I8: =VLOOKUP($B$2,BDGT_AREE!$A$1:$FT$239,75,0) -> 292.99507 | J8: =IFERROR(VLOOKUP($B$2,'04'!$A$1:$X$201,3,0),0) -> 0 | K8: =IFERROR(VLOOKUP($B$2,'04'!$A$1:$X$201,4,0),0) -> 0 | L8: =IFERROR(K8-I8,0) -> -292.99507 | M8: =IFERROR(L8/I8,0) -> -1 | N8: =D8*Kerb_Realtime!$CD$3/Kerb_Realtime!$CE$3 -> 2.4335988 | O8: =(U8-V8)+P8 -> 92.021119 | P8: =VLOOKUP($B$2,BDGT_AREE!$A$1:$FT$239,40,0) -> 60.328663 | Q8: =IFERROR(VLOOKUP($B$2,'04'!$A$1:$X$201,5,0),0) -> 0 | R8: =IFERROR(VLOOKUP($B$2,'04'!$A$1:$X$201,6,0),0) -> 0 | S8: =R8-P8 -> -60.328663 | T8: =IFERROR(S8/P8,0) -> -1 | U8: =V8*Screen_Margini!$R$7 -> 70.906087 | V8: =P8*Kerb_BRIEFING!$Z$5 -> 39.213631 | W8: =V8/Screen_Margini!$G$17 -> 2.2758927 | X8: =P8*Kerb_BRIEFING!$AB$5 -> 11.462446 | Y8: =P8*Kerb_BRIEFING!$AC$5 -> 5.4295797 | Z8: =P8*Kerb_BRIEFING!$AD$5 -> 4.2230064 | AA8: =VLOOKUP($B$2,BDGT_AREE!$A$1:$FT$239,108,0) -> 1.3660392 | AB8: =IFERROR(VLOOKUP($B$2,'04'!$A$1:$X$201,8,0),0) -> 0 | AC8: =AB8-AA8 -> -1.3660392 | AD8: =IFERROR(AC8/AA8,0) -> -1 | AE8: =VLOOKUP($B$2,BDGT_AREE!$A$1:$FT$239,142,0) -> 0.23225806 | AF8: =IFERROR(VLOOKUP($B$2,'04'!$A$1:$X$201,7,0),0) -> 0 | AG8: =AF8-AE8 -> -0.23225806 | AH8: =IFERROR(AG8/AE8,0) -> -1 | AI8: =IFERROR(VLOOKUP($B$2,'04'!$A$1:$X$201,15,0),0) -> 0 | AJ8: =IFERROR(AI8/E8,0) -> 0
B9: 5 | C9: Ago | D9: =VLOOKUP($B$2,BDGT_AREE!$A$1:$FT$239,BDGT_AREE!F$1,0) -> 6145.465 | E9: =IFERROR(VLOOKUP($B$2,'05'!$A$1:$X$201,2,0),0) -> 0 | F9: =E9-D9 -> -6145.465 | G9: =IFERROR(F9/D9,0) -> -1 | I9: =VLOOKUP($B$2,BDGT_AREE!$A$1:$FT$239,76,0) -> 291.45848 | J9: =IFERROR(VLOOKUP($B$2,'05'!$A$1:$X$201,3,0),0) -> 0 | K9: =IFERROR(VLOOKUP($B$2,'05'!$A$1:$X$201,4,0),0) -> 0 | L9: =IFERROR(K9-I9,0) -> -291.45848 | M9: =IFERROR(L9/I9,0) -> -1 | N9: =D9*Kerb_Realtime!$CD$3/Kerb_Realtime!$CE$3 -> 2.420836 | O9: =(U9-V9)+P9 -> 91.53852 | P9: =VLOOKUP($B$2,BDGT_AREE!$A$1:$FT$239,41,0) -> 60.012273 | Q9: =IFERROR(VLOOKUP($B$2,'05'!$A$1:$X$201,5,0),0) -> 0 | R9: =IFERROR(VLOOKUP($B$2,'05'!$A$1:$X$201,6,0),0) -> 0 | S9: =R9-P9 -> -60.012273 | T9: =IFERROR(S9/P9,0) -> -1 | U9: =V9*Screen_Margini!$R$7 -> 70.534225 | V9: =P9*Kerb_BRIEFING!$Z$5 -> 39.007977 | W9: =V9/Screen_Margini!$G$17 -> 2.2639569 | X9: =P9*Kerb_BRIEFING!$AB$5 -> 11.402332 | Y9: =P9*Kerb_BRIEFING!$AC$5 -> 5.4011046 | Z9: =P9*Kerb_BRIEFING!$AD$5 -> 4.2008591 | AA9: =VLOOKUP($B$2,BDGT_AREE!$A$1:$FT$239,108,0) -> 1.3660392 | AB9: =IFERROR(VLOOKUP($B$2,'05'!$A$1:$X$201,8,0),0) -> 0 | AC9: =AB9-AA9 -> -1.3660392 | AD9: =IFERROR(AC9/AA9,0) -> -1 | AE9: =VLOOKUP($B$2,BDGT_AREE!$A$1:$FT$239,142,0) -> 0.23225806 | AF9: =IFERROR(VLOOKUP($B$2,'05'!$A$1:$X$201,7,0),0) -> 0 | AG9: =AF9-AE9 -> -0.23225806 | AH9: =IFERROR(AG9/AE9,0) -> -1 | AI9: =IFERROR(VLOOKUP($B$2,'05'!$A$1:$X$201,15,0),0) -> 0 | AJ9: =IFERROR(AI9/E9,0) -> 0
B10: 6 | C10: Ago | D10: =VLOOKUP($B$2,BDGT_AREE!$A$1:$FT$239,BDGT_AREE!G$1,0) -> 6406.8875 | E10: =IFERROR(VLOOKUP($B$2,'06'!$A$1:$X$201,2,0),0) -> 0 | F10: =E10-D10 -> -6406.8875 | G10: =IFERROR(F10/D10,0) -> -1 | I10: =VLOOKUP($B$2,BDGT_AREE!$A$1:$FT$239,77,0) -> 303.85685 | J10: =IFERROR(VLOOKUP($B$2,'06'!$A$1:$X$201,3,0),0) -> 0 | K10: =IFERROR(VLOOKUP($B$2,'06'!$A$1:$X$201,4,0),0) -> 0 | L10: =IFERROR(K10-I10,0) -> -303.85685 | M10: =IFERROR(L10/I10,0) -> -1 | N10: =D10*Kerb_Realtime!$CD$3/Kerb_Realtime!$CE$3 -> 2.5238161 | O10: =(U10-V10)+P10 -> 95.432485 | P10: =VLOOKUP($B$2,BDGT_AREE!$A$1:$FT$239,42,0) -> 62.56514 | Q10: =IFERROR(VLOOKUP($B$2,'06'!$A$1:$X$201,5,0),0) -> 0 | R10: =IFERROR(VLOOKUP($B$2,'06'!$A$1:$X$201,6,0),0) -> 0 | S10: =R10-P10 -> -62.56514 | T10: =IFERROR(S10/P10,0) -> -1 | U10: =V10*Screen_Margini!$R$7 -> 73.534686 | V10: =P10*Kerb_BRIEFING!$Z$5 -> 40.667341 | W10: =V10/Screen_Margini!$G$17 -> 2.3602636 | X10: =P10*Kerb_BRIEFING!$AB$5 -> 11.887377 | Y10: =P10*Kerb_BRIEFING!$AC$5 -> 5.6308626 | Z10: =P10*Kerb_BRIEFING!$AD$5 -> 4.3795598 | AA10: =VLOOKUP($B$2,BDGT_AREE!$A$1:$FT$239,108,0) -> 1.3660392 | AB10: =IFERROR(VLOOKUP($B$2,'06'!$A$1:$X$201,8,0),0) -> 0 | AC10: =AB10-AA10 -> -1.3660392 | AD10: =IFERROR(AC10/AA10,0) -> -1 | AE10: =VLOOKUP($B$2,BDGT_AREE!$A$1:$FT$239,142,0) -> 0.23225806 | AF10: =IFERROR(VLOOKUP($B$2,'06'!$A$1:$X$201,7,0),0) -> 0 | AG10: =AF10-AE10 -> -0.23225806 | AH10: =IFERROR(AG10/AE10,0) -> -1 | AI10: =IFERROR(VLOOKUP($B$2,'06'!$A$1:$X$201,15,0),0) -> 0 | AJ10: =IFERROR(AI10/E10,0) -> 0
B11: 7 | C11: Ago | D11: =VLOOKUP($B$2,BDGT_AREE!$A$1:$FT$239,BDGT_AREE!H$1,0) -> 6599.7424 | E11: =IFERROR(VLOOKUP($B$2,'07'!$A$1:$X$201,2,0),0) -> 0 | F11: =E11-D11 -> -6599.7424 | G11: =IFERROR(F11/D11,0) -> -1 | I11: =VLOOKUP($B$2,BDGT_AREE!$A$1:$FT$239,78,0) -> 313.00331 | J11: =IFERROR(VLOOKUP($B$2,'07'!$A$1:$X$201,3,0),0) -> 0 | K11: =IFERROR(VLOOKUP($B$2,'07'!$A$1:$X$201,4,0),0) -> 0 | L11: =IFERROR(K11-I11,0) -> -313.00331 | M11: =IFERROR(L11/I11,0) -> -1 | N11: =D11*Kerb_Realtime!$CD$3/Kerb_Realtime!$CE$3 -> 2.599786 | O11: =(U11-V11)+P11 -> 98.305116 | P11: =VLOOKUP($B$2,BDGT_AREE!$A$1:$FT$239,43,0) -> 64.448425 | Q11: =IFERROR(VLOOKUP($B$2,'07'!$A$1:$X$201,5,0),0) -> 0 | R11: =IFERROR(VLOOKUP($B$2,'07'!$A$1:$X$201,6,0),0) -> 0 | S11: =R11-P11 -> -64.448425 | T11: =IFERROR(S11/P11,0) -> -1 | U11: =V11*Screen_Margini!$R$7 -> 75.748168 | V11: =P11*Kerb_BRIEFING!$Z$5 -> 41.891476 | W11: =V11/Screen_Margini!$G$17 -> 2.4313103 | X11: =P11*Kerb_BRIEFING!$AB$5 -> 12.245201 | Y11: =P11*Kerb_BRIEFING!$AC$5 -> 5.8003583 | Z11: =P11*Kerb_BRIEFING!$AD$5 -> 4.5113898 | AA11: =VLOOKUP($B$2,BDGT_AREE!$A$1:$FT$239,108,0) -> 1.3660392 | AB11: =IFERROR(VLOOKUP($B$2,'07'!$A$1:$X$201,8,0),0) -> 0 | AC11: =AB11-AA11 -> -1.3660392 | AD11: =IFERROR(AC11/AA11,0) -> -1 | AE11: =VLOOKUP($B$2,BDGT_AREE!$A$1:$FT$239,142,0) -> 0.23225806 | AF11: =IFERROR(VLOOKUP($B$2,'07'!$A$1:$X$201,7,0),0) -> 0 | AG11: =AF11-AE11 -> -0.23225806 | AH11: =IFERROR(AG11/AE11,0) -> -1 | AI11: =IFERROR(VLOOKUP($B$2,'07'!$A$1:$X$201,15,0),0) -> 0 | AJ11: =IFERROR(AI11/E11,0) -> 0
B12: 8 | C12: Ago | D12: =VLOOKUP($B$2,BDGT_AREE!$A$1:$FT$239,BDGT_AREE!I$1,0) -> 8091.6466 | E12: =IFERROR(VLOOKUP($B$2,'08'!$A$1:$X$201,2,0),0) -> 0 | F12: =E12-D12 -> -8091.6466 | G12: =IFERROR(F12/D12,0) -> -1 | I12: =VLOOKUP($B$2,BDGT_AREE!$A$1:$FT$239,79,0) -> 383.75924 | J12: =IFERROR(VLOOKUP($B$2,'08'!$A$1:$X$201,3,0),0) -> 0 | K12: =IFERROR(VLOOKUP($B$2,'08'!$A$1:$X$201,4,0),0) -> 0 | L12: =IFERROR(K12-I12,0) -> -383.75924 | M12: =IFERROR(L12/I12,0) -> -1 | N12: =D12*Kerb_Realtime!$CD$3/Kerb_Realtime!$CE$3 -> 3.1874804 | O12: =(U12-V12)+P12 -> 120.52747 | P12: =VLOOKUP($B$2,BDGT_AREE!$A$1:$FT$239,44,0) -> 79.017308 | Q12: =IFERROR(VLOOKUP($B$2,'08'!$A$1:$X$201,5,0),0) -> 0 | R12: =IFERROR(VLOOKUP($B$2,'08'!$A$1:$X$201,6,0),0) -> 0 | S12: =R12-P12 -> -79.017308 | T12: =IFERROR(S12/P12,0) -> -1 | U12: =V12*Screen_Margini!$R$7 -> 92.871413 | V12: =P12*Kerb_BRIEFING!$Z$5 -> 51.36125 | W12: =V12/Screen_Margini!$G$17 -> 2.9809199 | X12: =P12*Kerb_BRIEFING!$AB$5 -> 15.013289 | Y12: =P12*Kerb_BRIEFING!$AC$5 -> 7.1115577 | Z12: =P12*Kerb_BRIEFING!$AD$5 -> 5.5312116 | AA12: =VLOOKUP($B$2,BDGT_AREE!$A$1:$FT$239,108,0) -> 1.3660392 | AB12: =IFERROR(VLOOKUP($B$2,'08'!$A$1:$X$201,8,0),0) -> 0 | AC12: =AB12-AA12 -> -1.3660392 | AD12: =IFERROR(AC12/AA12,0) -> -1 | AE12: =VLOOKUP($B$2,BDGT_AREE!$A$1:$FT$239,142,0) -> 0.23225806 | AF12: =IFERROR(VLOOKUP($B$2,'08'!$A$1:$X$201,7,0),0) -> 0 | AG12: =AF12-AE12 -> -0.23225806 | AH12: =IFERROR(AG12/AE12,0) -> -1 | AI12: =IFERROR(VLOOKUP($B$2,'08'!$A$1:$X$201,15,0),0) -> 0 | AJ12: =IFERROR(AI12/E12,0) -> 0
B13: 9 | C13: Ago | D13: =VLOOKUP($B$2,BDGT_AREE!$A$1:$FT$239,BDGT_AREE!J$1,0) -> 7537.0839 | E13: =IFERROR(VLOOKUP($B$2,'09'!$A$1:$X$201,2,0),0) -> 0 | F13: =E13-D13 -> -7537.0839 | G13: =IFERROR(F13/D13,0) -> -1 | I13: =VLOOKUP($B$2,BDGT_AREE!$A$1:$FT$239,80,0) -> 353.19271 | J13: =IFERROR(VLOOKUP($B$2,'09'!$A$1:$X$201,3,0),0) -> 0 | K13: =IFERROR(VLOOKUP($B$2,'09'!$A$1:$X$201,4,0),0) -> 0 | L13: =IFERROR(K13-I13,0) -> -353.19271 | M13: =IFERROR(L13/I13,0) -> -1 | N13: =D13*Kerb_Realtime!$CD$3/Kerb_Realtime!$CE$3 -> 2.9690257 | O13: =(U13-V13)+P13 -> 110.92742 | P13: =VLOOKUP($B$2,BDGT_AREE!$A$1:$FT$239,45,0) -> 72.723557 | Q13: =IFERROR(VLOOKUP($B$2,'09'!$A$1:$X$201,5,0),0) -> 0 | R13: =IFERROR(VLOOKUP($B$2,'09'!$A$1:$X$201,6,0),0) -> 0 | S13: =R13-P13 -> -72.723557 | T13: =IFERROR(S13/P13,0) -> -1 | U13: =V13*Screen_Margini!$R$7 -> 85.474178 | V13: =P13*Kerb_BRIEFING!$Z$5 -> 47.270312 | W13: =V13/Screen_Margini!$G$17 -> 2.7434888 | X13: =P13*Kerb_BRIEFING!$AB$5 -> 13.817476 | Y13: =P13*Kerb_BRIEFING!$AC$5 -> 6.5451201 | Z13: =P13*Kerb_BRIEFING!$AD$5 -> 5.090649 | AA13: =VLOOKUP($B$2,BDGT_AREE!$A$1:$FT$239,108,0) -> 1.3660392 | AB13: =IFERROR(VLOOKUP($B$2,'09'!$A$1:$X$201,8,0),0) -> 0 | AC13: =AB13-AA13 -> -1.3660392 | AD13: =IFERROR(AC13/AA13,0) -> -1 | AE13: =VLOOKUP($B$2,BDGT_AREE!$A$1:$FT$239,142,0) -> 0.23225806 | AF13: =IFERROR(VLOOKUP($B$2,'09'!$A$1:$X$201,7,0),0) -> 0 | AG13: =AF13-AE13 -> -0.23225806 | AH13: =IFERROR(AG13/AE13,0) -> -1 | AI13: =IFERROR(VLOOKUP($B$2,'09'!$A$1:$X$201,15,0),0) -> 0 | AJ13: =IFERROR(AI13/E13,0) -> 0
B14: 10 | C14: Ago | D14: =VLOOKUP($B$2,BDGT_AREE!$A$1:$FT$239,BDGT_AREE!K$1,0) -> 7216.4082 | E14: =IFERROR(VLOOKUP($B$2,'10'!$A$1:$X$201,2,0),0) -> 0 | F14: =E14-D14 -> -7216.4082 | G14: =IFERROR(F14/D14,0) -> -1 | I14: =VLOOKUP($B$2,BDGT_AREE!$A$1:$FT$239,81,0) -> 342.24966 | J14: =IFERROR(VLOOKUP($B$2,'10'!$A$1:$X$201,3,0),0) -> 0 | K14: =IFERROR(VLOOKUP($B$2,'10'!$A$1:$X$201,4,0),0) -> 0 | L14: =IFERROR(K14-I14,0) -> -342.24966 | M14: =IFERROR(L14/I14,0) -> -1 | N14: =D14*Kerb_Realtime!$CD$3/Kerb_Realtime!$CE$3 -> 2.8427044 | O14: =(U14-V14)+P14 -> 107.49054 | P14: =VLOOKUP($B$2,BDGT_AREE!$A$1:$FT$239,46,0) -> 70.470348 | Q14: =IFERROR(VLOOKUP($B$2,'10'!$A$1:$X$201,5,0),0) -> 0 | R14: =IFERROR(VLOOKUP($B$2,'10'!$A$1:$X$201,6,0),0) -> 0 | S14: =R14-P14 -> -70.470348 | T14: =IFERROR(S14/P14,0) -> -1 | U14: =V14*Screen_Margini!$R$7 -> 82.825914 | V14: =P14*Kerb_BRIEFING!$Z$5 -> 45.805726 | W14: =V14/Screen_Margini!$G$17 -> 2.6584867 | X14: =P14*Kerb_BRIEFING!$AB$5 -> 13.389366 | Y14: =P14*Kerb_BRIEFING!$AC$5 -> 6.3423313 | Z14: =P14*Kerb_BRIEFING!$AD$5 -> 4.9329243 | AA14: =VLOOKUP($B$2,BDGT_AREE!$A$1:$FT$239,108,0) -> 1.3660392 | AB14: =IFERROR(VLOOKUP($B$2,'10'!$A$1:$X$201,8,0),0) -> 0 | AC14: =AB14-AA14 -> -1.3660392 | AD14: =IFERROR(AC14/AA14,0) -> -1 | AE14: =VLOOKUP($B$2,BDGT_AREE!$A$1:$FT$239,142,0) -> 0.23225806 | AF14: =IFERROR(VLOOKUP($B$2,'10'!$A$1:$X$201,7,0),0) -> 0 | AG14: =AF14-AE14 -> -0.23225806 | AH14: =IFERROR(AG14/AE14,0) -> -1 | AI14: =IFERROR(VLOOKUP($B$2,'10'!$A$1:$X$201,15,0),0) -> 0 | AJ14: =IFERROR(AI14/E14,0) -> 0
B15: 11 | C15: Ago | D15: =VLOOKUP($B$2,BDGT_AREE!$A$1:$FT$239,BDGT_AREE!L$1,0) -> 6942.6788 | E15: =IFERROR(VLOOKUP($B$2,'11'!$A$1:$X$201,2,0),0) -> 0 | F15: =E15-D15 -> -6942.6788 | G15: =IFERROR(F15/D15,0) -> -1 | I15: =VLOOKUP($B$2,BDGT_AREE!$A$1:$FT$239,82,0) -> 329.26761 | J15: =IFERROR(VLOOKUP($B$2,'11'!$A$1:$Y$201,3,0),0) -> 0 | K15: =IFERROR(VLOOKUP($B$2,'11'!$A$1:$Y$201,4,0),0) -> 0 | L15: =IFERROR(K15-I15,0) -> -329.26761 | M15: =IFERROR(L15/I15,0) -> -1 | N15: =D15*Kerb_Realtime!$CD$3/Kerb_Realtime!$CE$3 -> 2.7348763 | O15: =(U15-V15)+P15 -> 103.41326 | P15: =VLOOKUP($B$2,BDGT_AREE!$A$1:$FT$239,47,0) -> 67.7973 | Q15: =IFERROR(VLOOKUP($B$2,'11'!$A$1:$X$201,5,0),0) -> 0 | R15: =IFERROR(VLOOKUP($B$2,'11'!$A$1:$X$201,6,0),0) -> 0 | S15: =R15-P15 -> -67.7973 | T15: =IFERROR(S15/P15,0) -> -1 | U15: =V15*Screen_Margini!$R$7 -> 79.684201 | V15: =P15*Kerb_BRIEFING!$Z$5 -> 44.068245 | W15: =V15/Screen_Margini!$G$17 -> 2.5576463 | X15: =P15*Kerb_BRIEFING!$AB$5 -> 12.881487 | Y15: =P15*Kerb_BRIEFING!$AC$5 -> 6.101757 | Z15: =P15*Kerb_BRIEFING!$AD$5 -> 4.745811 | AA15: =VLOOKUP($B$2,BDGT_AREE!$A$1:$FT$239,108,0) -> 1.3660392 | AB15: =IFERROR(VLOOKUP($B$2,'11'!$A$1:$X$201,8,0),0) -> 0 | AC15: =AB15-AA15 -> -1.3660392 | AD15: =IFERROR(AC15/AA15,0) -> -1 | AE15: =VLOOKUP($B$2,BDGT_AREE!$A$1:$FT$239,142,0) -> 0.23225806 | AF15: =IFERROR(VLOOKUP($B$2,'11'!$A$1:$X$201,7,0),0) -> 0 | AG15: =AF15-AE15 -> -0.23225806 | AH15: =IFERROR(AG15/AE15,0) -> -1 | AI15: =IFERROR(VLOOKUP($B$2,'11'!$A$1:$X$201,15,0),0) -> 0 | AJ15: =IFERROR(AI15/E15,0) -> 0
B16: 12 | C16: Ago | D16: =VLOOKUP($B$2,BDGT_AREE!$A$1:$FT$239,BDGT_AREE!M$1,0) -> 6973.1354 | E16: =IFERROR(VLOOKUP($B$2,'12'!$A$1:$X$201,2,0),0) -> 0 | F16: =E16-D16 -> -6973.1354 | G16: =IFERROR(F16/D16,0) -> -1 | I16: =VLOOKUP($B$2,BDGT_AREE!$A$1:$FT$239,83,0) -> 330.71207 | J16: =IFERROR(VLOOKUP($B$2,'12'!$A$1:$Y$201,3,0),0) -> 0 | K16: =IFERROR(VLOOKUP($B$2,'12'!$A$1:$Y$201,4,0),0) -> 0 | L16: =IFERROR(K16-I16,0) -> -330.71207 | M16: =IFERROR(L16/I16,0) -> -1 | N16: =D16*Kerb_Realtime!$CD$3/Kerb_Realtime!$CE$3 -> 2.7468738 | O16: =(U16-V16)+P16 -> 103.86692 | P16: =VLOOKUP($B$2,BDGT_AREE!$A$1:$FT$239,48,0) -> 68.094717 | Q16: =IFERROR(VLOOKUP($B$2,'12'!$A$1:$X$201,5,0),0) -> 0 | R16: =IFERROR(VLOOKUP($B$2,'12'!$A$1:$X$201,6,0),0) -> 0 | S16: =R16-P16 -> -68.094717 | T16: =IFERROR(S16/P16,0) -> -1 | U16: =V16*Screen_Margini!$R$7 -> 80.033764 | V16: =P16*Kerb_BRIEFING!$Z$5 -> 44.261566 | W16: =V16/Screen_Margini!$G$17 -> 2.5688663 | X16: =P16*Kerb_BRIEFING!$AB$5 -> 12.937996 | Y16: =P16*Kerb_BRIEFING!$AC$5 -> 6.1285246 | Z16: =P16*Kerb_BRIEFING!$AD$5 -> 4.7666302 | AA16: =VLOOKUP($B$2,BDGT_AREE!$A$1:$FT$239,108,0) -> 1.3660392 | AB16: =IFERROR(VLOOKUP($B$2,'12'!$A$1:$X$201,8,0),0) -> 0 | AC16: =AB16-AA16 -> -1.3660392 | AD16: =IFERROR(AC16/AA16,0) -> -1 | AE16: =VLOOKUP($B$2,BDGT_AREE!$A$1:$FT$239,142,0) -> 0.23225806 | AF16: =IFERROR(VLOOKUP($B$2,'12'!$A$1:$X$201,7,0),0) -> 0 | AG16: =AF16-AE16 -> -0.23225806 | AH16: =IFERROR(AG16/AE16,0) -> -1 | AI16: =IFERROR(VLOOKUP($B$2,'12'!$A$1:$X$201,15,0),0) -> 0 | AJ16: =IFERROR(AI16/E16,0) -> 0
B17: 13 | C17: Ago | D17: =VLOOKUP($B$2,BDGT_AREE!$A$1:$FT$239,BDGT_AREE!N$1,0) -> 7257.9788 | E17: =IFERROR(VLOOKUP($B$2,'13'!$A$1:$X$201,2,0),0) -> 0 | F17: =E17-D17 -> -7257.9788 | G17: =IFERROR(F17/D17,0) -> -1 | I17: =VLOOKUP($B$2,BDGT_AREE!$A$1:$FT$239,84,0) -> 344.22122 | J17: =IFERROR(VLOOKUP($B$2,'13'!$A$1:$Y$201,3,0),0) -> 0 | K17: =IFERROR(VLOOKUP($B$2,'13'!$A$1:$Y$201,4,0),0) -> 0 | L17: =IFERROR(K17-I17,0) -> -344.22122 | M17: =IFERROR(L17/I17,0) -> -1 | N17: =D17*Kerb_Realtime!$CD$3/Kerb_Realtime!$CE$3 -> 2.85908 | O17: =(U17-V17)+P17 -> 108.10974 | P17: =VLOOKUP($B$2,BDGT_AREE!$A$1:$FT$239,49,0) -> 70.876297 | Q17: =IFERROR(VLOOKUP($B$2,'13'!$A$1:$X$201,5,0),0) -> 0 | R17: =IFERROR(VLOOKUP($B$2,'13'!$A$1:$X$201,6,0),0) -> 0 | S17: =R17-P17 -> -70.876297 | T17: =IFERROR(S17/P17,0) -> -1 | U17: =V17*Screen_Margini!$R$7 -> 83.303038 | V17: =P17*Kerb_BRIEFING!$Z$5 -> 46.069593 | W17: =V17/Screen_Margini!$G$17 -> 2.6738011 | X17: =P17*Kerb_BRIEFING!$AB$5 -> 13.466496 | Y17: =P17*Kerb_BRIEFING!$AC$5 -> 6.3788667 | Z17: =P17*Kerb_BRIEFING!$AD$5 -> 4.9613408 | AA17: =VLOOKUP($B$2,BDGT_AREE!$A$1:$FT$239,108,0) -> 1.3660392 | AB17: =IFERROR(VLOOKUP($B$2,'13'!$A$1:$X$201,8,0),0) -> 0 | AC17: =AB17-AA17 -> -1.3660392 | AD17: =IFERROR(AC17/AA17,0) -> -1 | AE17: =VLOOKUP($B$2,BDGT_AREE!$A$1:$FT$239,142,0) -> 0.23225806 | AF17: =IFERROR(VLOOKUP($B$2,'13'!$A$1:$X$201,7,0),0) -> 0 | AG17: =AF17-AE17 -> -0.23225806 | AH17: =IFERROR(AG17/AE17,0) -> -1 | AI17: =IFERROR(VLOOKUP($B$2,'13'!$A$1:$X$201,15,0),0) -> 0 | AJ17: =IFERROR(AI17/E17,0) -> 0
B18: 14 | C18: Ago | D18: =VLOOKUP($B$2,BDGT_AREE!$A$1:$FT$239,BDGT_AREE!O$1,0) -> 7381.314 | E18: =IFERROR(VLOOKUP($B$2,'14'!$A$1:$X$201,2,0),0) -> 0 | F18: =E18-D18 -> -7381.314 | G18: =IFERROR(F18/D18,0) -> -1 | I18: =VLOOKUP($B$2,BDGT_AREE!$A$1:$FT$239,85,0) -> 350.07058 | J18: =IFERROR(VLOOKUP($B$2,'14'!$A$1:$Y$201,3,0),0) -> 0 | K18: =IFERROR(VLOOKUP($B$2,'14'!$A$1:$Y$201,4,0),0) -> 0 | L18: =IFERROR(K18-I18,0) -> -350.07058 | M18: =IFERROR(L18/I18,0) -> -1 | N18: =D18*Kerb_Realtime!$CD$3/Kerb_Realtime!$CE$3 -> 2.9076645 | O18: =(U18-V18)+P18 -> 109.94686 | P18: =VLOOKUP($B$2,BDGT_AREE!$A$1:$FT$239,50,0) -> 72.080701 | Q18: =IFERROR(VLOOKUP($B$2,'14'!$A$1:$X$201,5,0),0) -> 0 | R18: =IFERROR(VLOOKUP($B$2,'14'!$A$1:$X$201,6,0),0) -> 0 | S18: =R18-P18 -> -72.080701 | T18: =IFERROR(S18/P18,0) -> -1 | U18: =V18*Screen_Margini!$R$7 -> 84.71861 | V18: =P18*Kerb_BRIEFING!$Z$5 -> 46.852456 | W18: =V18/Screen_Margini!$G$17 -> 2.7192371 | X18: =P18*Kerb_BRIEFING!$AB$5 -> 13.695333 | Y18: =P18*Kerb_BRIEFING!$AC$5 -> 6.4872631 | Z18: =P18*Kerb_BRIEFING!$AD$5 -> 5.0456491 | AA18: =VLOOKUP($B$2,BDGT_AREE!$A$1:$FT$239,108,0) -> 1.3660392 | AB18: =IFERROR(VLOOKUP($B$2,'14'!$A$1:$X$201,8,0),0) -> 0 | AC18: =AB18-AA18 -> -1.3660392 | AD18: =IFERROR(AC18/AA18,0) -> -1 | AE18: =VLOOKUP($B$2,BDGT_AREE!$A$1:$FT$239,142,0) -> 0.23225806 | AF18: =IFERROR(VLOOKUP($B$2,'14'!$A$1:$X$201,7,0),0) -> 0 | AG18: =AF18-AE18 -> -0.23225806 | AH18: =IFERROR(AG18/AE18,0) -> -1 | AI18: =IFERROR(VLOOKUP($B$2,'14'!$A$1:$X$201,15,0),0) -> 0 | AJ18: =IFERROR(AI18/E18,0) -> 0
B19: 15 | C19: Ago | D19: =VLOOKUP($B$2,BDGT_AREE!$A$1:$FT$239,BDGT_AREE!P$1,0) -> 2428.7127 | E19: =IFERROR(VLOOKUP($B$2,'15'!$A$1:$X$201,2,0),0) -> 0 | F19: =E19-D19 -> -2428.7127 | G19: =IFERROR(F19/D19,0) -> -1 | I19: =VLOOKUP($B$2,BDGT_AREE!$A$1:$FT$239,86,0) -> 52.468384 | J19: =IFERROR(VLOOKUP($B$2,'15'!$A$1:$Y$201,3,0),0) -> 0 | K19: =IFERROR(VLOOKUP($B$2,'15'!$A$1:$Y$201,4,0),0) -> 0 | L19: =IFERROR(K19-I19,0) -> -52.468384 | M19: =IFERROR(L19/I19,0) -> -1 | N19: =D19*Kerb_Realtime!$CD$3/Kerb_Realtime!$CE$3 -> 0.9567242 | O19: =(U19-V19)+P19 -> 16.478774 | P19: =VLOOKUP($B$2,BDGT_AREE!$A$1:$FT$239,51,0) -> 10.803415 | Q19: =IFERROR(VLOOKUP($B$2,'15'!$A$1:$X$201,5,0),0) -> 0 | R19: =IFERROR(VLOOKUP($B$2,'15'!$A$1:$X$201,6,0),0) -> 0 | S19: =R19-P19 -> -10.803415 | T19: =IFERROR(S19/P19,0) -> -1 | U19: =V19*Screen_Margini!$R$7 -> 12.697578 | V19: =P19*Kerb_BRIEFING!$Z$5 -> 7.02222 | W19: =V19/Screen_Margini!$G$17 -> 0.40755775 | X19: =P19*Kerb_BRIEFING!$AB$5 -> 2.0526489 | Y19: =P19*Kerb_BRIEFING!$AC$5 -> 0.97230738 | Z19: =P19*Kerb_BRIEFING!$AD$5 -> 0.75623907 | AA19: =VLOOKUP($B$2,BDGT_AREE!$A$1:$FT$239,108,0) -> 1.3660392 | AB19: =IFERROR(VLOOKUP($B$2,'15'!$A$1:$X$201,8,0),0) -> 0 | AC19: =AB19-AA19 -> -1.3660392 | AD19: =IFERROR(AC19/AA19,0) -> -1 | AE19: =VLOOKUP($B$2,BDGT_AREE!$A$1:$FT$239,142,0) -> 0.23225806 | AF19: =IFERROR(VLOOKUP($B$2,'15'!$A$1:$X$201,7,0),0) -> 0 | AG19: =AF19-AE19 -> -0.23225806 | AH19: =IFERROR(AG19/AE19,0) -> -1 | AI19: =IFERROR(VLOOKUP($B$2,'15'!$A$1:$X$201,15,0),0) -> 0 | AJ19: =IFERROR(AI19/E19,0) -> 0
B20: 16 | C20: Ago | D20: =VLOOKUP($B$2,BDGT_AREE!$A$1:$FT$239,BDGT_AREE!Q$1,0) -> 6893.3337 | E20: =IFERROR(VLOOKUP($B$2,'16'!$A$1:$W$201,2,0),0) -> 0 | F20: =E20-D20 -> -6893.3337 | G20: =IFERROR(F20/D20,0) -> -1 | I20: =VLOOKUP($B$2,BDGT_AREE!$A$1:$FT$239,87,0) -> 323.02615 | J20: =IFERROR(VLOOKUP($B$2,'16'!$A$1:$X$201,3,0),0) -> 0 | K20: =IFERROR(VLOOKUP($B$2,'16'!$A$1:$X$201,4,0),0) -> 0 | L20: =IFERROR(K20-I20,0) -> -323.02615 | M20: =IFERROR(L20/I20,0) -> -1 | N20: =D20*Kerb_Realtime!$CD$3/Kerb_Realtime!$CE$3 -> 2.7154382 | O20: =(U20-V20)+P20 -> 101.453 | P20: =VLOOKUP($B$2,BDGT_AREE!$A$1:$FT$239,52,0) -> 66.512162 | Q20: =IFERROR(VLOOKUP($B$2,'16'!$A$1:$W$201,5,0),0) -> 0 | R20: =IFERROR(VLOOKUP($B$2,'16'!$A$1:$W$201,6,0),0) -> 0 | S20: =R20-P20 -> -66.512162 | T20: =IFERROR(S20/P20,0) -> -1 | U20: =V20*Screen_Margini!$R$7 -> 78.17374 | V20: =P20*Kerb_BRIEFING!$Z$5 -> 43.232906 | W20: =V20/Screen_Margini!$G$17 -> 2.5091646 | X20: =P20*Kerb_BRIEFING!$AB$5 -> 12.637311 | Y20: =P20*Kerb_BRIEFING!$AC$5 -> 5.9860946 | Z20: =P20*Kerb_BRIEFING!$AD$5 -> 4.6558514 | AA20: =VLOOKUP($B$2,BDGT_AREE!$A$1:$FT$239,108,0) -> 1.3660392 | AB20: =IFERROR(VLOOKUP($B$2,'16'!$A$1:$W$201,8,0),0) -> 0 | AC20: =AB20-AA20 -> -1.3660392 | AD20: =IFERROR(AC20/AA20,0) -> -1 | AE20: =VLOOKUP($B$2,BDGT_AREE!$A$1:$FT$239,142,0) -> 0.23225806 | AF20: =IFERROR(VLOOKUP($B$2,'16'!$A$1:$W$201,7,0),0) -> 0 | AG20: =AF20-AE20 -> -0.23225806 | AH20: =IFERROR(AG20/AE20,0) -> -1 | AI20: =IFERROR(VLOOKUP($B$2,'16'!$A$1:$W$201,15,0),0) -> 0 | AJ20: =IFERROR(AI20/E20,0) -> 0
B21: 17 | C21: Ago | D21: =VLOOKUP($B$2,BDGT_AREE!$A$1:$FT$239,BDGT_AREE!R$1,0) -> 7528.8612 | E21: =IFERROR(VLOOKUP($B$2,'17'!$A$1:$W$201,2,0),0) -> 0 | F21: =E21-D21 -> -7528.8612 | G21: =IFERROR(F21/D21,0) -> -1 | I21: =VLOOKUP($B$2,BDGT_AREE!$A$1:$FT$239,88,0) -> 357.06825 | J21: =IFERROR(VLOOKUP($B$2,'17'!$A$1:$X$201,3,0),0) -> 0 | K21: =IFERROR(VLOOKUP($B$2,'17'!$A$1:$X$201,4,0),0) -> 0 | L21: =IFERROR(K21-I21,0) -> -357.06825 | M21: =IFERROR(L21/I21,0) -> -1 | N21: =D21*Kerb_Realtime!$CD$3/Kerb_Realtime!$CE$3 -> 2.9657866 | O21: =(U21-V21)+P21 -> 112.14462 | P21: =VLOOKUP($B$2,BDGT_AREE!$A$1:$FT$239,53,0) -> 73.521544 | Q21: =IFERROR(VLOOKUP($B$2,'17'!$A$1:$W$201,5,0),0) -> 0 | R21: =IFERROR(VLOOKUP($B$2,'17'!$A$1:$W$201,6,0),0) -> 0 | S21: =R21-P21 -> -73.521544 | T21: =IFERROR(S21/P21,0) -> -1 | U21: =V21*Screen_Margini!$R$7 -> 86.412076 | V21: =P21*Kerb_BRIEFING!$Z$5 -> 47.789003 | W21: =V21/Screen_Margini!$G$17 -> 2.7735928 | X21: =P21*Kerb_BRIEFING!$AB$5 -> 13.969093 | Y21: =P21*Kerb_BRIEFING!$AC$5 -> 6.6169389 | Z21: =P21*Kerb_BRIEFING!$AD$5 -> 5.1465081 | AA21: =VLOOKUP($B$2,BDGT_AREE!$A$1:$FT$239,108,0) -> 1.3660392 | AB21: =IFERROR(VLOOKUP($B$2,'17'!$A$1:$W$201,8,0),0) -> 0 | AC21: =AB21-AA21 -> -1.3660392 | AD21: =IFERROR(AC21/AA21,0) -> -1 | AE21: =VLOOKUP($B$2,BDGT_AREE!$A$1:$FT$239,142,0) -> 0.23225806 | AF21: =IFERROR(VLOOKUP($B$2,'17'!$A$1:$W$201,7,0),0) -> 0 | AG21: =AF21-AE21 -> -0.23225806 | AH21: =IFERROR(AG21/AE21,0) -> -1 | AI21: =IFERROR(VLOOKUP($B$2,'17'!$A$1:$W$201,15,0),0) -> 0 | AJ21: =IFERROR(AI21/E21,0) -> 0
B22: 18 | C22: Ago | D22: =VLOOKUP($B$2,BDGT_AREE!$A$1:$FT$239,BDGT_AREE!S$1,0) -> 7005.2676 | E22: =IFERROR(VLOOKUP($B$2,'18'!$A$1:$W$201,2,0),0) -> 0 | F22: =E22-D22 -> -7005.2676 | G22: =IFERROR(F22/D22,0) -> -1 | I22: =VLOOKUP($B$2,BDGT_AREE!$A$1:$FT$239,89,0) -> 332.23599 | J22: =IFERROR(VLOOKUP($B$2,'18'!$A$1:$X$201,3,0),0) -> 0 | K22: =IFERROR(VLOOKUP($B$2,'18'!$A$1:$X$201,4,0),0) -> 0 | L22: =IFERROR(K22-I22,0) -> -332.23599 | M22: =IFERROR(L22/I22,0) -> -1 | N22: =D22*Kerb_Realtime!$CD$3/Kerb_Realtime!$CE$3 -> 2.7595314 | O22: =(U22-V22)+P22 -> 104.34553 | P22: =VLOOKUP($B$2,BDGT_AREE!$A$1:$FT$239,54,0) -> 68.408498 | Q22: =IFERROR(VLOOKUP($B$2,'18'!$A$1:$W$201,5,0),0) -> 0 | R22: =IFERROR(VLOOKUP($B$2,'18'!$A$1:$W$201,6,0),0) -> 0 | S22: =R22-P22 -> -68.408498 | T22: =IFERROR(S22/P22,0) -> -1 | U22: =V22*Screen_Margini!$R$7 -> 80.402559 | V22: =P22*Kerb_BRIEFING!$Z$5 -> 44.465523 | W22: =V22/Screen_Margini!$G$17 -> 2.5807036 | X22: =P22*Kerb_BRIEFING!$AB$5 -> 12.997615 | Y22: =P22*Kerb_BRIEFING!$AC$5 -> 6.1567648 | Z22: =P22*Kerb_BRIEFING!$AD$5 -> 4.7885948 | AA22: =VLOOKUP($B$2,BDGT_AREE!$A$1:$FT$239,108,0) -> 1.3660392 | AB22: =IFERROR(VLOOKUP($B$2,'18'!$A$1:$W$201,8,0),0) -> 0 | AC22: =AB22-AA22 -> -1.3660392 | AD22: =IFERROR(AC22/AA22,0) -> -1 | AE22: =VLOOKUP($B$2,BDGT_AREE!$A$1:$FT$239,142,0) -> 0.23225806 | AF22: =IFERROR(VLOOKUP($B$2,'18'!$A$1:$W$201,7,0),0) -> 0 | AG22: =AF22-AE22 -> -0.23225806 | AH22: =IFERROR(AG22/AE22,0) -> -1 | AI22: =IFERROR(VLOOKUP($B$2,'18'!$A$1:$W$201,15,0),0) -> 0 | AJ22: =IFERROR(AI22/E22,0) -> 0
B23: 19 | C23: Ago | D23: =VLOOKUP($B$2,BDGT_AREE!$A$1:$FT$239,BDGT_AREE!T$1,0) -> 7550.9785 | E23: =IFERROR(VLOOKUP($B$2,'19'!$A$1:$W$201,2,0),0) -> 0 | F23: =E23-D23 -> -7550.9785 | G23: =IFERROR(F23/D23,0) -> -1 | I23: =VLOOKUP($B$2,BDGT_AREE!$A$1:$FT$239,90,0) -> 358.1172 | J23: =IFERROR(VLOOKUP($B$2,'19'!$A$1:$X$201,3,0),0) -> 0 | K23: =IFERROR(VLOOKUP($B$2,'19'!$A$1:$X$201,4,0),0) -> 0 | L23: =IFERROR(K23-I23,0) -> -358.1172 | M23: =IFERROR(L23/I23,0) -> -1 | N23: =D23*Kerb_Realtime!$CD$3/Kerb_Realtime!$CE$3 -> 2.9744991 | O23: =(U23-V23)+P23 -> 112.47406 | P23: =VLOOKUP($B$2,BDGT_AREE!$A$1:$FT$239,55,0) -> 73.737525 | Q23: =IFERROR(VLOOKUP($B$2,'19'!$A$1:$W$201,5,0),0) -> 0 | R23: =IFERROR(VLOOKUP($B$2,'19'!$A$1:$W$201,6,0),0) -> 0 | S23: =R23-P23 -> -73.737525 | T23: =IFERROR(S23/P23,0) -> -1 | U23: =V23*Screen_Margini!$R$7 -> 86.665926 | V23: =P23*Kerb_BRIEFING!$Z$5 -> 47.929392 | W23: =V23/Screen_Margini!$G$17 -> 2.7817407 | X23: =P23*Kerb_BRIEFING!$AB$5 -> 14.01013 | Y23: =P23*Kerb_BRIEFING!$AC$5 -> 6.6363773 | Z23: =P23*Kerb_BRIEFING!$AD$5 -> 5.1616268 | AA23: =VLOOKUP($B$2,BDGT_AREE!$A$1:$FT$239,108,0) -> 1.3660392 | AB23: =IFERROR(VLOOKUP($B$2,'19'!$A$1:$W$201,8,0),0) -> 0 | AC23: =AB23-AA23 -> -1.3660392 | AD23: =IFERROR(AC23/AA23,0) -> -1 | AE23: =VLOOKUP($B$2,BDGT_AREE!$A$1:$FT$239,142,0) -> 0.23225806 | AF23: =IFERROR(VLOOKUP($B$2,'19'!$A$1:$W$201,7,0),0) -> 0 | AG23: =AF23-AE23 -> -0.23225806 | AH23: =IFERROR(AG23/AE23,0) -> -1 | AI23: =IFERROR(VLOOKUP($B$2,'19'!$A$1:$W$201,15,0),0) -> 0 | AJ23: =IFERROR(AI23/E23,0) -> 0
B24: 20 | C24: Ago | D24: =VLOOKUP($B$2,BDGT_AREE!$A$1:$FT$239,BDGT_AREE!U$1,0) -> 7537.3117 | E24: =IFERROR(VLOOKUP($B$2,'20'!$A$1:$W$201,2,0),0) -> 0 | F24: =E24-D24 -> -7537.3117 | G24: =IFERROR(F24/D24,0) -> -1 | I24: =VLOOKUP($B$2,BDGT_AREE!$A$1:$FT$239,91,0) -> 357.46902 | J24: =IFERROR(VLOOKUP($B$2,'20'!$A$1:$X$201,3,0),0) -> 0 | K24: =IFERROR(VLOOKUP($B$2,'20'!$A$1:$X$201,4,0),0) -> 0 | L24: =IFERROR(K24-I24,0) -> -357.46902 | M24: =IFERROR(L24/I24,0) -> -1 | N24: =D24*Kerb_Realtime!$CD$3/Kerb_Realtime!$CE$3 -> 2.9691155 | O24: =(U24-V24)+P24 -> 112.27049 | P24: =VLOOKUP($B$2,BDGT_AREE!$A$1:$FT$239,56,0) -> 73.604064 | Q24: =IFERROR(VLOOKUP($B$2,'20'!$A$1:$W$201,5,0),0) -> 0 | R24: =IFERROR(VLOOKUP($B$2,'20'!$A$1:$W$201,6,0),0) -> 0 | S24: =R24-P24 -> -73.604064 | T24: =IFERROR(S24/P24,0) -> -1 | U24: =V24*Screen_Margini!$R$7 -> 86.509065 | V24: =P24*Kerb_BRIEFING!$Z$5 -> 47.842642 | W24: =V24/Screen_Margini!$G$17 -> 2.7767059 | X24: =P24*Kerb_BRIEFING!$AB$5 -> 13.984772 | Y24: =P24*Kerb_BRIEFING!$AC$5 -> 6.6243658 | Z24: =P24*Kerb_BRIEFING!$AD$5 -> 5.1522845 | AA24: =VLOOKUP($B$2,BDGT_AREE!$A$1:$FT$239,108,0) -> 1.3660392 | AB24: =IFERROR(VLOOKUP($B$2,'20'!$A$1:$W$201,8,0),0) -> 0 | AC24: =AB24-AA24 -> -1.3660392 | AD24: =IFERROR(AC24/AA24,0) -> -1 | AE24: =VLOOKUP($B$2,BDGT_AREE!$A$1:$FT$239,142,0) -> 0.23225806 | AF24: =IFERROR(VLOOKUP($B$2,'20'!$A$1:$W$201,7,0),0) -> 0 | AG24: =AF24-AE24 -> -0.23225806 | AH24: =IFERROR(AG24/AE24,0) -> -1 | AI24: =IFERROR(VLOOKUP($B$2,'20'!$A$1:$W$201,15,0),0) -> 0 | AJ24: =IFERROR(AI24/E24,0) -> 0
B25: 21 | C25: Ago | D25: =VLOOKUP($B$2,BDGT_AREE!$A$1:$FT$239,BDGT_AREE!V$1,0) -> 7583.0834 | E25: =IFERROR(VLOOKUP($B$2,'21'!$A$1:$W$201,2,0),0) -> 0 | F25: =E25-D25 -> -7583.0834 | G25: =IFERROR(F25/D25,0) -> -1 | I25: =VLOOKUP($B$2,BDGT_AREE!$A$1:$FT$239,92,0) -> 359.63982 | J25: =IFERROR(VLOOKUP($B$2,'21'!$A$1:$X$201,3,0),0) -> 0 | K25: =IFERROR(VLOOKUP($B$2,'21'!$A$1:$X$201,4,0),0) -> 0 | L25: =IFERROR(K25-I25,0) -> -359.63982 | M25: =IFERROR(L25/I25,0) -> -1 | N25: =D25*Kerb_Realtime!$CD$3/Kerb_Realtime!$CE$3 -> 2.987146 | O25: =(U25-V25)+P25 -> 112.95227 | P25: =VLOOKUP($B$2,BDGT_AREE!$A$1:$FT$239,57,0) -> 74.051039 | Q25: =IFERROR(VLOOKUP($B$2,'21'!$A$1:$W$201,5,0),0) -> 0 | R25: =IFERROR(VLOOKUP($B$2,'21'!$A$1:$W$201,6,0),0) -> 0 | S25: =R25-P25 -> -74.051039 | T25: =IFERROR(S25/P25,0) -> -1 | U25: =V25*Screen_Margini!$R$7 -> 87.034407 | V25: =P25*Kerb_BRIEFING!$Z$5 -> 48.133175 | W25: =V25/Screen_Margini!$G$17 -> 2.7935679 | X25: =P25*Kerb_BRIEFING!$AB$5 -> 14.069697 | Y25: =P25*Kerb_BRIEFING!$AC$5 -> 6.6645935 | Z25: =P25*Kerb_BRIEFING!$AD$5 -> 5.1835727 | AA25: =VLOOKUP($B$2,BDGT_AREE!$A$1:$FT$239,108,0) -> 1.3660392 | AB25: =IFERROR(VLOOKUP($B$2,'21'!$A$1:$W$201,8,0),0) -> 0 | AC25: =AB25-AA25 -> -1.3660392 | AD25: =IFERROR(AC25/AA25,0) -> -1 | AE25: =VLOOKUP($B$2,BDGT_AREE!$A$1:$FT$239,142,0) -> 0.23225806 | AF25: =IFERROR(VLOOKUP($B$2,'21'!$A$1:$W$201,7,0),0) -> 0 | AG25: =AF25-AE25 -> -0.23225806 | AH25: =IFERROR(AG25/AE25,0) -> -1 | AI25: =IFERROR(VLOOKUP($B$2,'21'!$A$1:$W$201,15,0),0) -> 0 | AJ25: =IFERROR(AI25/E25,0) -> 0
B26: 22 | C26: Ago | D26: =VLOOKUP($B$2,BDGT_AREE!$A$1:$FT$239,BDGT_AREE!W$1,0) -> 9137.0139 | E26: =IFERROR(VLOOKUP($B$2,'22'!$A$1:$W$201,2,0),0) -> 0 | F26: =E26-D26 -> -9137.0139 | G26: =IFERROR(F26/D26,0) -> -1 | I26: =VLOOKUP($B$2,BDGT_AREE!$A$1:$FT$239,93,0) -> 428.16648 | J26: =IFERROR(VLOOKUP($B$2,'22'!$A$1:$X$201,3,0),0) -> 0 | K26: =IFERROR(VLOOKUP($B$2,'22'!$A$1:$X$201,4,0),0) -> 0 | L26: =IFERROR(K26-I26,0) -> -428.16648 | M26: =IFERROR(L26/I26,0) -> -1 | N26: =D26*Kerb_Realtime!$CD$3/Kerb_Realtime!$CE$3 -> 3.5992739 | O26: =(U26-V26)+P26 -> 134.47448 | P26: =VLOOKUP($B$2,BDGT_AREE!$A$1:$FT$239,58,0) -> 88.160906 | Q26: =IFERROR(VLOOKUP($B$2,'22'!$A$1:$W$201,5,0),0) -> 0 | R26: =IFERROR(VLOOKUP($B$2,'22'!$A$1:$W$201,6,0),0) -> 0 | S26: =R26-P26 -> -88.160906 | T26: =IFERROR(S26/P26,0) -> -1 | U26: =V26*Screen_Margini!$R$7 -> 103.61816 | V26: =P26*Kerb_BRIEFING!$Z$5 -> 57.304589 | W26: =V26/Screen_Margini!$G$17 -> 3.3258612 | X26: =P26*Kerb_BRIEFING!$AB$5 -> 16.750572 | Y26: =P26*Kerb_BRIEFING!$AC$5 -> 7.9344816 | Z26: =P26*Kerb_BRIEFING!$AD$5 -> 6.1712635 | AA26: =VLOOKUP($B$2,BDGT_AREE!$A$1:$FT$239,108,0) -> 1.3660392 | AB26: =IFERROR(VLOOKUP($B$2,'22'!$A$1:$W$201,8,0),0) -> 0 | AC26: =AB26-AA26 -> -1.3660392 | AD26: =IFERROR(AC26/AA26,0) -> -1 | AE26: =VLOOKUP($B$2,BDGT_AREE!$A$1:$FT$239,142,0) -> 0.23225806 | AF26: =IFERROR(VLOOKUP($B$2,'22'!$A$1:$W$201,7,0),0) -> 0 | AG26: =AF26-AE26 -> -0.23225806 | AH26: =IFERROR(AG26/AE26,0) -> -1 | AI26: =IFERROR(VLOOKUP($B$2,'22'!$A$1:$W$201,15,0),0) -> 0 | AJ26: =IFERROR(AI26/E26,0) -> 0
B27: 23 | C27: Ago | D27: =VLOOKUP($B$2,BDGT_AREE!$A$1:$FT$239,BDGT_AREE!X$1,0) -> 8900.3203 | E27: =IFERROR(VLOOKUP($B$2,'23'!$A$1:$W$201,2,0),0) -> 0 | F27: =E27-D27 -> -8900.3203 | G27: =IFERROR(F27/D27,0) -> -1 | I27: =VLOOKUP($B$2,BDGT_AREE!$A$1:$FT$239,94,0) -> 422.11188 | J27: =IFERROR(VLOOKUP($B$2,'23'!$A$1:$X$201,3,0),0) -> 0 | K27: =IFERROR(VLOOKUP($B$2,'23'!$A$1:$X$201,4,0),0) -> 0 | L27: =IFERROR(K27-I27,0) -> -422.11188 | M27: =IFERROR(L27/I27,0) -> -1 | N27: =D27*Kerb_Realtime!$CD$3/Kerb_Realtime!$CE$3 -> 3.506035 | O27: =(U27-V27)+P27 -> 132.5729 | P27: =VLOOKUP($B$2,BDGT_AREE!$A$1:$FT$239,59,0) -> 86.914244 | Q27: =IFERROR(VLOOKUP($B$2,'23'!$A$1:$W$201,5,0),0) -> 0 | R27: =IFERROR(VLOOKUP($B$2,'23'!$A$1:$W$201,6,0),0) -> 0 | S27: =R27-P27 -> -86.914244 | T27: =IFERROR(S27/P27,0) -> -1 | U27: =V27*Screen_Margini!$R$7 -> 102.15292 | V27: =P27*Kerb_BRIEFING!$Z$5 -> 56.494259 | W27: =V27/Screen_Margini!$G$17 -> 3.278831 | X27: =P27*Kerb_BRIEFING!$AB$5 -> 16.513706 | Y27: =P27*Kerb_BRIEFING!$AC$5 -> 7.822282 | Z27: =P27*Kerb_BRIEFING!$AD$5 -> 6.0839971 | AA27: =VLOOKUP($B$2,BDGT_AREE!$A$1:$FT$239,108,0) -> 1.3660392 | AB27: =IFERROR(VLOOKUP($B$2,'23'!$A$1:$W$201,8,0),0) -> 0 | AC27: =AB27-AA27 -> -1.3660392 | AD27: =IFERROR(AC27/AA27,0) -> -1 | AE27: =VLOOKUP($B$2,BDGT_AREE!$A$1:$FT$239,142,0) -> 0.23225806 | AF27: =IFERROR(VLOOKUP($B$2,'23'!$A$1:$W$201,7,0),0) -> 0 | AG27: =AF27-AE27 -> -0.23225806 | AH27: =IFERROR(AG27/AE27,0) -> -1 | AI27: =IFERROR(VLOOKUP($B$2,'23'!$A$1:$W$201,15,0),0) -> 0 | AJ27: =IFERROR(AI27/E27,0) -> 0
B28: 24 | C28: Ago | D28: =VLOOKUP($B$2,BDGT_AREE!$A$1:$FT$239,BDGT_AREE!Y$1,0) -> 7198.1817 | E28: =IFERROR(VLOOKUP($B$2,'24'!$A$1:$W$201,2,0),0) -> 0 | F28: =E28-D28 -> -7198.1817 | G28: =IFERROR(F28/D28,0) -> -1 | I28: =VLOOKUP($B$2,BDGT_AREE!$A$1:$FT$239,95,0) -> 341.38525 | J28: =IFERROR(VLOOKUP($B$2,'24'!$A$1:$X$201,3,0),0) -> 0 | K28: =IFERROR(VLOOKUP($B$2,'24'!$A$1:$X$201,4,0),0) -> 0 | L28: =IFERROR(K28-I28,0) -> -341.38525 | M28: =IFERROR(L28/I28,0) -> -1 | N28: =D28*Kerb_Realtime!$CD$3/Kerb_Realtime!$CE$3 -> 2.8355246 | O28: =(U28-V28)+P28 -> 107.21905 | P28: =VLOOKUP($B$2,BDGT_AREE!$A$1:$FT$239,60,0) -> 70.292361 | Q28: =IFERROR(VLOOKUP($B$2,'24'!$A$1:$W$201,5,0),0) -> 0 | R28: =IFERROR(VLOOKUP($B$2,'24'!$A$1:$W$201,6,0),0) -> 0 | S28: =R28-P28 -> -70.292361 | T28: =IFERROR(S28/P28,0) -> -1 | U28: =V28*Screen_Margini!$R$7 -> 82.616721 | V28: =P28*Kerb_BRIEFING!$Z$5 -> 45.690035 | W28: =V28/Screen_Margini!$G$17 -> 2.6517722 | X28: =P28*Kerb_BRIEFING!$AB$5 -> 13.355549 | Y28: =P28*Kerb_BRIEFING!$AC$5 -> 6.3263125 | Z28: =P28*Kerb_BRIEFING!$AD$5 -> 4.9204653 | AA28: =VLOOKUP($B$2,BDGT_AREE!$A$1:$FT$239,108,0) -> 1.3660392 | AB28: =IFERROR(VLOOKUP($B$2,'24'!$A$1:$W$201,8,0),0) -> 0 | AC28: =AB28-AA28 -> -1.3660392 | AD28: =IFERROR(AC28/AA28,0) -> -1 | AE28: =VLOOKUP($B$2,BDGT_AREE!$A$1:$FT$239,142,0) -> 0.23225806 | AF28: =IFERROR(VLOOKUP($B$2,'24'!$A$1:$W$201,7,0),0) -> 0 | AG28: =AF28-AE28 -> -0.23225806 | AH28: =IFERROR(AG28/AE28,0) -> -1 | AI28: =IFERROR(VLOOKUP($B$2,'24'!$A$1:$W$201,15,0),0) -> 0 | AJ28: =IFERROR(AI28/E28,0) -> 0
B29: 25 | C29: Ago | D29: =VLOOKUP($B$2,BDGT_AREE!$A$1:$FT$239,BDGT_AREE!Z$1,0) -> 6832.4961 | E29: =IFERROR(VLOOKUP($B$2,'25'!$A$1:$W$201,2,0),0) -> 0 | F29: =E29-D29 -> -6832.4961 | G29: =IFERROR(F29/D29,0) -> -1 | I29: =VLOOKUP($B$2,BDGT_AREE!$A$1:$FT$239,96,0) -> 324.04202 | J29: =IFERROR(VLOOKUP($B$2,'25'!$A$1:$X$201,3,0),0) -> 0 | K29: =IFERROR(VLOOKUP($B$2,'25'!$A$1:$X$201,4,0),0) -> 0 | L29: =IFERROR(K29-I29,0) -> -324.04202 | M29: =IFERROR(L29/I29,0) -> -1 | N29: =D29*Kerb_Realtime!$CD$3/Kerb_Realtime!$CE$3 -> 2.6914729 | O29: =(U29-V29)+P29 -> 101.77205 | P29: =VLOOKUP($B$2,BDGT_AREE!$A$1:$FT$239,61,0) -> 66.721333 | Q29: =IFERROR(VLOOKUP($B$2,'25'!$A$1:$W$201,5,0),0) -> 0 | R29: =IFERROR(VLOOKUP($B$2,'25'!$A$1:$W$201,6,0),0) -> 0 | S29: =R29-P29 -> -66.721333 | T29: =IFERROR(S29/P29,0) -> -1 | U29: =V29*Screen_Margini!$R$7 -> 78.419584 | V29: =P29*Kerb_BRIEFING!$Z$5 -> 43.368867 | W29: =V29/Screen_Margini!$G$17 -> 2.5170555 | X29: =P29*Kerb_BRIEFING!$AB$5 -> 12.677053 | Y29: =P29*Kerb_BRIEFING!$AC$5 -> 6.00492 | Z29: =P29*Kerb_BRIEFING!$AD$5 -> 4.6704933 | AA29: =VLOOKUP($B$2,BDGT_AREE!$A$1:$FT$239,108,0) -> 1.3660392 | AB29: =IFERROR(VLOOKUP($B$2,'25'!$A$1:$W$201,8,0),0) -> 0 | AC29: =AB29-AA29 -> -1.3660392 | AD29: =IFERROR(AC29/AA29,0) -> -1 | AE29: =VLOOKUP($B$2,BDGT_AREE!$A$1:$FT$239,142,0) -> 0.23225806 | AF29: =IFERROR(VLOOKUP($B$2,'25'!$A$1:$W$201,7,0),0) -> 0 | AG29: =AF29-AE29 -> -0.23225806 | AH29: =IFERROR(AG29/AE29,0) -> -1 | AI29: =IFERROR(VLOOKUP($B$2,'25'!$A$1:$W$201,15,0),0) -> 0 | AJ29: =IFERROR(AI29/E29,0) -> 0
B30: 26 | C30: Ago | D30: =VLOOKUP($B$2,BDGT_AREE!$A$1:$FT$239,BDGT_AREE!AA$1,0) -> 7203.1893 | E30: =IFERROR(VLOOKUP($B$2,'26'!$A$1:$W$201,2,0),0) -> 0 | F30: =E30-D30 -> -7203.1893 | G30: =IFERROR(F30/D30,0) -> -1 | I30: =VLOOKUP($B$2,BDGT_AREE!$A$1:$FT$239,97,0) -> 341.62274 | J30: =IFERROR(VLOOKUP($B$2,'26'!$A$1:$X$201,3,0),0) -> 0 | K30: =IFERROR(VLOOKUP($B$2,'26'!$A$1:$X$201,4,0),0) -> 0 | L30: =IFERROR(K30-I30,0) -> -341.62274 | M30: =IFERROR(L30/I30,0) -> -1 | N30: =D30*Kerb_Realtime!$CD$3/Kerb_Realtime!$CE$3 -> 2.8374972 | O30: =(U30-V30)+P30 -> 107.29364 | P30: =VLOOKUP($B$2,BDGT_AREE!$A$1:$FT$239,62,0) -> 70.341261 | Q30: =IFERROR(VLOOKUP($B$2,'26'!$A$1:$W$201,5,0),0) -> 0 | R30: =IFERROR(VLOOKUP($B$2,'26'!$A$1:$W$201,6,0),0) -> 0 | S30: =R30-P30 -> -70.341261 | T30: =IFERROR(S30/P30,0) -> -1 | U30: =V30*Screen_Margini!$R$7 -> 82.674194 | V30: =P30*Kerb_BRIEFING!$Z$5 -> 45.72182 | W30: =V30/Screen_Margini!$G$17 -> 2.6536169 | X30: =P30*Kerb_BRIEFING!$AB$5 -> 13.36484 | Y30: =P30*Kerb_BRIEFING!$AC$5 -> 6.3307135 | Z30: =P30*Kerb_BRIEFING!$AD$5 -> 4.9238883 | AA30: =VLOOKUP($B$2,BDGT_AREE!$A$1:$FT$239,108,0) -> 1.3660392 | AB30: =IFERROR(VLOOKUP($B$2,'26'!$A$1:$W$201,8,0),0) -> 0 | AC30: =AB30-AA30 -> -1.3660392 | AD30: =IFERROR(AC30/AA30,0) -> -1 | AE30: =VLOOKUP($B$2,BDGT_AREE!$A$1:$FT$239,142,0) -> 0.23225806 | AF30: =IFERROR(VLOOKUP($B$2,'26'!$A$1:$W$201,7,0),0) -> 0 | AG30: =AF30-AE30 -> -0.23225806 | AH30: =IFERROR(AG30/AE30,0) -> -1 | AI30: =IFERROR(VLOOKUP($B$2,'26'!$A$1:$W$201,15,0),0) -> 0 | AJ30: =IFERROR(AI30/E30,0) -> 0
B31: 27 | C31: Ago | D31: =VLOOKUP($B$2,BDGT_AREE!$A$1:$FT$239,BDGT_AREE!AB$1,0) -> 7262.5529 | E31: =IFERROR(VLOOKUP($B$2,'27'!$A$1:$W$201,2,0),0) -> 0 | F31: =E31-D31 -> -7262.5529 | G31: =IFERROR(F31/D31,0) -> -1 | I31: =VLOOKUP($B$2,BDGT_AREE!$A$1:$FT$239,98,0) -> 344.43815 | J31: =IFERROR(VLOOKUP($B$2,'27'!$A$1:$X$201,3,0),0) -> 0 | K31: =IFERROR(VLOOKUP($B$2,'27'!$A$1:$X$201,4,0),0) -> 0 | L31: =IFERROR(K31-I31,0) -> -344.43815 | M31: =IFERROR(L31/I31,0) -> -1 | N31: =D31*Kerb_Realtime!$CD$3/Kerb_Realtime!$CE$3 -> 2.8608818 | O31: =(U31-V31)+P31 -> 108.17787 | P31: =VLOOKUP($B$2,BDGT_AREE!$A$1:$FT$239,63,0) -> 70.920964 | Q31: =IFERROR(VLOOKUP($B$2,'27'!$A$1:$W$201,5,0),0) -> 0 | R31: =IFERROR(VLOOKUP($B$2,'27'!$A$1:$W$201,6,0),0) -> 0 | S31: =R31-P31 -> -70.920964 | T31: =IFERROR(S31/P31,0) -> -1 | U31: =V31*Screen_Margini!$R$7 -> 83.355537 | V31: =P31*Kerb_BRIEFING!$Z$5 -> 46.098627 | W31: =V31/Screen_Margini!$G$17 -> 2.6754862 | X31: =P31*Kerb_BRIEFING!$AB$5 -> 13.474983 | Y31: =P31*Kerb_BRIEFING!$AC$5 -> 6.3828868 | Z31: =P31*Kerb_BRIEFING!$AD$5 -> 4.9644675 | AA31: =VLOOKUP($B$2,BDGT_AREE!$A$1:$FT$239,108,0) -> 1.3660392 | AB31: =IFERROR(VLOOKUP($B$2,'27'!$A$1:$W$201,8,0),0) -> 0 | AC31: =AB31-AA31 -> -1.3660392 | AD31: =IFERROR(AC31/AA31,0) -> -1 | AE31: =VLOOKUP($B$2,BDGT_AREE!$A$1:$FT$239,142,0) -> 0.23225806 | AF31: =IFERROR(VLOOKUP($B$2,'27'!$A$1:$W$201,7,0),0) -> 0 | AG31: =AF31-AE31 -> -0.23225806 | AH31: =IFERROR(AG31/AE31,0) -> -1 | AI31: =IFERROR(VLOOKUP($B$2,'27'!$A$1:$W$201,15,0),0) -> 0 | AJ31: =IFERROR(AI31/E31,0) -> 0
B32: 28 | C32: Ago | D32: =VLOOKUP($B$2,BDGT_AREE!$A$1:$FT$239,BDGT_AREE!AC$1,0) -> 8001.3982 | E32: =IFERROR(VLOOKUP($B$2,'28'!$A$1:$W$201,2,0),0) -> 0 | F32: =E32-D32 -> -8001.3982 | G32: =IFERROR(F32/D32,0) -> -1 | I32: =VLOOKUP($B$2,BDGT_AREE!$A$1:$FT$239,99,0) -> 379.98893 | J32: =IFERROR(VLOOKUP($B$2,'28'!$A$1:$X$201,3,0),0) -> 0 | K32: =IFERROR(VLOOKUP($B$2,'28'!$A$1:$X$201,4,0),0) -> 0 | L32: =IFERROR(K32-I32,0) -> -379.98893 | M32: =IFERROR(L32/I32,0) -> -1 | N32: =D32*Kerb_Realtime!$CD$3/Kerb_Realtime!$CE$3 -> 3.1519295 | O32: =(U32-V32)+P32 -> 119.34333 | P32: =VLOOKUP($B$2,BDGT_AREE!$A$1:$FT$239,64,0) -> 78.240987 | Q32: =IFERROR(VLOOKUP($B$2,'28'!$A$1:$W$201,5,0),0) -> 0 | R32: =IFERROR(VLOOKUP($B$2,'28'!$A$1:$W$201,6,0),0) -> 0 | S32: =R32-P32 -> -78.240987 | T32: =IFERROR(S32/P32,0) -> -1 | U32: =V32*Screen_Margini!$R$7 -> 91.95898 | V32: =P32*Kerb_BRIEFING!$Z$5 -> 50.856642 | W32: =V32/Screen_Margini!$G$17 -> 2.9516333 | X32: =P32*Kerb_BRIEFING!$AB$5 -> 14.865788 | Y32: =P32*Kerb_BRIEFING!$AC$5 -> 7.0416889 | Z32: =P32*Kerb_BRIEFING!$AD$5 -> 5.4768691 | AA32: =VLOOKUP($B$2,BDGT_AREE!$A$1:$FT$239,108,0) -> 1.3660392 | AB32: =IFERROR(VLOOKUP($B$2,'28'!$A$1:$W$201,8,0),0) -> 0 | AC32: =AB32-AA32 -> -1.3660392 | AD32: =IFERROR(AC32/AA32,0) -> -1 | AE32: =VLOOKUP($B$2,BDGT_AREE!$A$1:$FT$239,142,0) -> 0.23225806 | AF32: =IFERROR(VLOOKUP($B$2,'28'!$A$1:$W$201,7,0),0) -> 0 | AG32: =AF32-AE32 -> -0.23225806 | AH32: =IFERROR(AG32/AE32,0) -> -1 | AI32: =IFERROR(VLOOKUP($B$2,'28'!$A$1:$W$201,15,0),0) -> 0 | AJ32: =IFERROR(AI32/E32,0) -> 0
B33: 29 | C33: Ago | D33: =VLOOKUP($B$2,BDGT_AREE!$A$1:$FT$239,BDGT_AREE!AD$1,0) -> 10528.019 | E33: =IFERROR(VLOOKUP($B$2,'29'!$A$1:$W$201,2,0),0) -> 0 | F33: =E33-D33 -> -10528.019 | G33: =IFERROR(F33/D33,0) -> -1 | I33: =VLOOKUP($B$2,BDGT_AREE!$A$1:$FT$239,100,0) -> 499.3081 | J33: =IFERROR(VLOOKUP($B$2,'29'!$A$1:$X$201,3,0),0) -> 0 | K33: =IFERROR(VLOOKUP($B$2,'29'!$A$1:$X$201,4,0),0) -> 0 | L33: =IFERROR(K33-I33,0) -> -499.3081 | M33: =IFERROR(L33/I33,0) -> -1 | N33: =D33*Kerb_Realtime!$CD$3/Kerb_Realtime!$CE$3 -> 4.147222 | O33: =(U33-V33)+P33 -> 156.81796 | P33: =VLOOKUP($B$2,BDGT_AREE!$A$1:$FT$239,65,0) -> 102.8092 | Q33: =IFERROR(VLOOKUP($B$2,'29'!$A$1:$W$201,5,0),0) -> 0 | R33: =IFERROR(VLOOKUP($B$2,'29'!$A$1:$W$201,6,0),0) -> 0 | S33: =R33-P33 -> -102.8092 | T33: =IFERROR(S33/P33,0) -> -1 | U33: =V33*Screen_Margini!$R$7 -> 120.83474 | V33: =P33*Kerb_BRIEFING!$Z$5 -> 66.825982 | W33: =V33/Screen_Margini!$G$17 -> 3.8784668 | X33: =P33*Kerb_BRIEFING!$AB$5 -> 19.533749 | Y33: =P33*Kerb_BRIEFING!$AC$5 -> 9.2528283 | Z33: =P33*Kerb_BRIEFING!$AD$5 -> 7.1966443 | AA33: =VLOOKUP($B$2,BDGT_AREE!$A$1:$FT$239,108,0) -> 1.3660392 | AB33: =IFERROR(VLOOKUP($B$2,'29'!$A$1:$W$201,8,0),0) -> 0 | AC33: =AB33-AA33 -> -1.3660392 | AD33: =IFERROR(AC33/AA33,0) -> -1 | AE33: =VLOOKUP($B$2,BDGT_AREE!$A$1:$FT$239,142,0) -> 0.23225806 | AF33: =IFERROR(VLOOKUP($B$2,'29'!$A$1:$W$201,7,0),0) -> 0 | AG33: =AF33-AE33 -> -0.23225806 | AH33: =IFERROR(AG33/AE33,0) -> -1 | AI33: =IFERROR(VLOOKUP($B$2,'29'!$A$1:$W$201,15,0),0) -> 0 | AJ33: =IFERROR(AI33/E33,0) -> 0
B34: 30 | C34: Ago | D34: =VLOOKUP($B$2,BDGT_AREE!$A$1:$FT$239,BDGT_AREE!AE$1,0) -> 9148.595 | E34: =IFERROR(VLOOKUP($B$2,'30'!$A$1:$X$201,2,0),0) -> 0 | F34: =E34-D34 -> -9148.595 | G34: =IFERROR(F34/D34,0) -> -1 | I34: =VLOOKUP($B$2,BDGT_AREE!$A$1:$FT$239,101,0) -> 428.70918 | J34: =IFERROR(VLOOKUP($B$2,'30'!$A$1:$Y$201,3,0),0) -> 0 | K34: =IFERROR(VLOOKUP($B$2,'30'!$A$1:$Y$201,4,0),0) -> 0 | L34: =IFERROR(K34-I34,0) -> -428.70918 | M34: =IFERROR(L34/I34,0) -> -1 | N34: =D34*Kerb_Realtime!$CD$3/Kerb_Realtime!$CE$3 -> 3.603836 | O34: =(U34-V34)+P34 -> 134.64492 | P34: =VLOOKUP($B$2,BDGT_AREE!$A$1:$FT$239,66,0) -> 88.272651 | Q34: =IFERROR(VLOOKUP($B$2,'30'!$A$1:$X$201,5,0),0) -> 0 | R34: =IFERROR(VLOOKUP($B$2,'30'!$A$1:$X$201,6,0),0) -> 0 | S34: =R34-P34 -> -88.272651 | T34: =IFERROR(S34/P34,0) -> -1 | U34: =V34*Screen_Margini!$R$7 -> 103.74949 | V34: =P34*Kerb_BRIEFING!$Z$5 -> 57.377223 | W34: =V34/Screen_Margini!$G$17 -> 3.3300768 | X34: =P34*Kerb_BRIEFING!$AB$5 -> 16.771804 | Y34: =P34*Kerb_BRIEFING!$AC$5 -> 7.9445386 | Z34: =P34*Kerb_BRIEFING!$AD$5 -> 6.1790855 | AA34: =VLOOKUP($B$2,BDGT_AREE!$A$1:$FT$239,108,0) -> 1.3660392 | AB34: =IFERROR(VLOOKUP($B$2,'30'!$A$1:$X$201,8,0),0) -> 0 | AC34: =AB34-AA34 -> -1.3660392 | AD34: =IFERROR(AC34/AA34,0) -> -1 | AE34: =VLOOKUP($B$2,BDGT_AREE!$A$1:$FT$239,142,0) -> 0.23225806 | AF34: =IFERROR(VLOOKUP($B$2,'30'!$A$1:$X$201,7,0),0) -> 0 | AG34: =AF34-AE34 -> -0.23225806 | AH34: =IFERROR(AG34/AE34,0) -> -1 | AI34: =IFERROR(VLOOKUP($B$2,'30'!$A$1:$X$201,15,0),0) -> 0 | AJ34: =IFERROR(AI34/E34,0) -> 0
B35: 31 | C35: Ago | D35: =VLOOKUP($B$2,BDGT_AREE!$A$1:$FT$239,BDGT_AREE!AF$1,0) -> 6172.2357 | E35: =IFERROR(VLOOKUP($B$2,'31'!$A$1:$J$201,2,0),0) -> 0 | F35: =E35-D35 -> -6172.2357 | G35: =IFERROR(F35/D35,0) -> -1 | I35: =VLOOKUP($B$2,BDGT_AREE!$A$1:$FT$239,102,0) -> 292.72812 | J35: =IFERROR(VLOOKUP($B$2,'31'!$A$1:$K$201,3,0),0) -> 0 | K35: =IFERROR(VLOOKUP($B$2,'31'!$A$1:$K$201,4,0),0) -> 0 | L35: =IFERROR(K35-I35,0) -> -292.72812 | M35: =IFERROR(L35/I35,0) -> -1 | N35: =D35*Kerb_Realtime!$CD$3/Kerb_Realtime!$CE$3 -> 2.4313815 | O35: =(U35-V35)+P35 -> 91.937277 | P35: =VLOOKUP($B$2,BDGT_AREE!$A$1:$FT$239,67,0) -> 60.273696 | Q35: =IFERROR(VLOOKUP($B$2,'31'!$A$1:$J$201,5,0),0) -> 0 | R35: =IFERROR(VLOOKUP($B$2,'31'!$A$1:$J$201,6,0),0) -> 0 | S35: =R35-P35 -> -60.273696 | T35: =IFERROR(S35/P35,0) -> -1 | U35: =V35*Screen_Margini!$R$7 -> 70.841483 | V35: =P35*Kerb_BRIEFING!$Z$5 -> 39.177903 | W35: =V35/Screen_Margini!$G$17 -> 2.2738191 | X35: =P35*Kerb_BRIEFING!$AB$5 -> 11.452002 | Y35: =P35*Kerb_BRIEFING!$AC$5 -> 5.4246327 | Z35: =P35*Kerb_BRIEFING!$AD$5 -> 4.2191587 | AA35: =VLOOKUP($B$2,BDGT_AREE!$A$1:$FT$239,108,0) -> 1.3660392 | AB35: =IFERROR(VLOOKUP($B$2,'31'!$A$1:$J$201,8,0),0) -> 0 | AC35: =AB35-AA35 -> -1.3660392 | AD35: =IFERROR(AC35/AA35,0) -> -1 | AE35: =VLOOKUP($B$2,BDGT_AREE!$A$1:$FT$239,142,0) -> 0.23225806 | AF35: =IFERROR(VLOOKUP($B$2,'31'!$A$1:$J$201,7,0),0) -> 0 | AG35: =AF35-AE35 -> -0.23225806 | AH35: =IFERROR(AG35/AE35,0) -> -1 | AI35: =IFERROR(VLOOKUP($B$2,'31'!$A$1:$J$201,15,0),0) -> 0 | AJ35: =IFERROR(AI35/E35,0) -> 0
B36: TOT EOM | D36: =SUM(D5:D35) -> 228007.31 | E36: =SUM(E5:E35) -> 0 | F36: =SUM(F5:F35) -> -228007.31 | G36: =IFERROR(F36/D36,0) -> -1 | I36: =SUM(I5:I35) -> 10728.157 | J36: =SUM(J5:J35) -> 0 | K36: =SUM(K5:K35) -> 0 | L36: =SUM(L5:L35) -> -10728.157 | M36: =IFERROR(L36/I36,0) -> -1 | N36: =SUM(N5:N35) -> 89.817174 | O36: =SUM(O5:O35) -> 3369.398 | P36: =SUM(P5:P35) -> 2208.9633 | Q36: =SUM(Q5:Q35) -> 0 | R36: =SUM(R5:R35) -> 0 | S36: =SUM(S5:S35) -> -2208.9633 | T36: =IFERROR(S36/P36,0) -> -1 | U36: =SUM(U5:U35) -> 2596.2609 | V36: =SUM(V5:V35) -> 1435.8262 | W36: =SUM(W5:W35) -> 83.332917 | X36: =SUM(X5:X35) -> 419.70303 | Y36: =SUM(Y5:Y35) -> 198.8067 | Z36: =SUM(Z5:Z35) -> 154.62743 | AA36: =SUM(AA5:AA35) -> 42.347214 | AB36: =SUM(AB5:AB35) -> 0 | AC36: =SUM(AC5:AC35) -> -42.347214 | AD36: =IFERROR(AC36/AA36,0) -> -1 | AE36: =SUM(AE5:AE35) -> 7.2 | AF36: =SUM(AF5:AF35) -> 0 | AG36: =SUM(AG5:AG35) -> -7.2 | AH36: =IFERROR(AG36/AE36,0) -> -1 | AI36: =SUM(AI5:AI35) -> 0 | AJ36: =IFERROR(AI36/E36,0) -> 0
B37: TOT MTD | D37: =SUMIF(E5:E35,">0",D5:D35) -> 0 | E37: =SUM(E5:E35) -> 0 | F37: =E37-D37 -> 0 | G37: =IFERROR(F37/D37,0) -> 0 | I37: =SUMIF(E5:E35,">0",I5:I35) -> 0 | J37: =SUM(J5:J35) -> 0 | K37: =SUM(K5:K35) -> 0 | L37: =K37-I37 -> 0 | M37: =IFERROR(L37/I37,0) -> 0 | N37: =SUM(N6:N36) -> 175.85772 | O37: =SUM(O6:O36) -> 6595.9912 | P37: =SUMIF(E5:E35,">0",P5:P35) -> 0 | Q37: =SUM(Q5:Q35) -> 0 | R37: =SUM(R5:R35) -> 0 | S37: =R37-P37 -> 0 | T37: =IFERROR(S37/P37,0) -> 0 | U37: =SUM(U6:U36) -> 5082.4847 | V37: =SUM(V6:V36) -> 2810.7978 | W37: =SUM(W6:W36) -> 163.13394 | X37: =SUM(X6:X36) -> 821.61783 | Y37: =SUM(Y6:Y36) -> 389.18739 | Z37: =SUM(Z6:Z36) -> 302.70131 | AA37: =SUMIF(E5:E35,">0",AA5:AA35) -> 0 | AB37: =SUM(AB5:AB35) -> 0 | AC37: =AB37-AA37 -> 0 | AD37: =IFERROR(AC37/AA37,0) -> 0 | AE37: =SUMIF(E5:E35,">0",AE5:AE35) -> 0 | AF37: =SUM(AF5:AF35) -> 0 | AG37: =AF37-AE37 -> 0 | AH37: =IFERROR(AG37/AE37,0) -> 0 | AI37: =SUM(AI5:AI35) -> 0 | AJ37: =IFERROR(AI37/E37,0) -> 0
B38: W1 - 01-02 | D38: =SUM(D5:D6) -> 17946.386 | E38: =SUM(E5:E6) -> 0 | F38: =SUM(F5:F6) -> -17946.386 | G38: =IFERROR(F38/D38,0) -> -1 | I38: =SUM(I5:I6) -> 846.40523 | J38: =SUM(J5:J6) -> 0 | K38: =SUM(K5:K6) -> 0 | L38: =SUM(L5:L6) -> -846.40523 | M38: =IFERROR(L38/I38,0) -> -1 | N38: =SUM(N5:N6) -> 7.0694824 | O38: =SUM(O5:O6) -> 265.83094 | P38: =SUM(P5:P6) -> 174.27766 | Q38: =SUM(Q5:Q6) -> 0 | R38: =SUM(R5:R6) -> 0 | S38: =SUM(S5:S6) -> -174.27766 | T38: =IFERROR(S38/P38,0) -> -1 | U38: =SUM(U5:U6) -> 204.83376 | V38: =SUM(V5:V6) -> 113.28048 | W38: =SUM(W5:W6) -> 6.574607 | X38: =SUM(X5:X6) -> 33.112755 | Y38: =SUM(Y5:Y6) -> 15.684989 | Z38: =SUM(Z5:Z6) -> 12.199436 | AA38: =SUM(AA5:AA6) -> 2.7320783 | AB38: =SUM(AB5:AB6) -> 0 | AC38: =SUM(AC5:AC6) -> -2.7320783 | AD38: =IFERROR(AC38/AA38,0) -> -1 | AE38: =SUM(AE5:AE6) -> 0.46451613 | AF38: =SUM(AF5:AF6) -> 0 | AG38: =SUM(AG5:AG6) -> -0.46451613 | AH38: =IFERROR(AG38/AE38,0) -> -1 | AI38: =SUM(AI5:AI6) -> 0 | AJ38: =IFERROR(AI38/E38,0) -> 0
B39: W2 - 03-09 | D39: =SUM(D7:D13) -> 47377.86 | E39: =SUM(E7:E13) -> 0 | F39: =SUM(F7:F13) -> -47377.86 | G39: =IFERROR(F39/D39,0) -> -1 | I39: =SUM(I7:I13) -> 2242.705 | J39: =SUM(J7:J13) -> 0 | K39: =SUM(K7:K13) -> 0 | L39: =SUM(L7:L13) -> -2242.705 | M39: =IFERROR(L39/I39,0) -> -1 | N39: =SUM(N7:N13) -> 18.663197 | O39: =SUM(O7:O13) -> 704.36757 | P39: =SUM(P7:P13) -> 461.78045 | Q39: =SUM(Q7:Q13) -> 0 | R39: =SUM(R7:R13) -> 0 | S39: =SUM(S7:S13) -> -461.78045 | T39: =IFERROR(S39/P39,0) -> -1 | U39: =SUM(U7:U13) -> 542.74442 | V39: =SUM(V7:V13) -> 300.15729 | W39: =SUM(W7:W13) -> 17.420621 | X39: =SUM(X7:X13) -> 87.738285 | Y39: =SUM(Y7:Y13) -> 41.56024 | Z39: =SUM(Z7:Z13) -> 32.324631 | AA39: =SUM(AA7:AA13) -> 9.5622741 | AB39: =SUM(AB7:AB13) -> 0 | AC39: =SUM(AC7:AC13) -> -9.5622741 | AD39: =IFERROR(AC39/AA39,0) -> -1 | AE39: =SUM(AE7:AE13) -> 1.6258065 | AF39: =SUM(AF7:AF13) -> 0 | AG39: =SUM(AG7:AG13) -> -1.6258065 | AH39: =IFERROR(AG39/AE39,0) -> -1 | AI39: =SUM(AI7:AI13) -> 0 | AJ39: =IFERROR(AI39/E39,0) -> 0
B40: W3 - 10-16 | D40: =SUM(D14:D20) -> 45093.562 | E40: =SUM(E14:E20) -> 0 | F40: =SUM(F14:F20) -> -45093.562 | G40: =IFERROR(F40/D40,0) -> -1 | I40: =SUM(I14:I20) -> 2072.0157 | J40: =SUM(J14:J20) -> 0 | K40: =SUM(K14:K20) -> 0 | L40: =SUM(L14:L20) -> -2072.0157 | M40: =IFERROR(L40/I40,0) -> -1 | N40: =SUM(N14:N20) -> 17.763361 | O40: =SUM(O14:O20) -> 650.75907 | P40: =SUM(P14:P20) -> 426.63494 | Q40: =SUM(Q14:Q20) -> 0 | R40: =SUM(R14:R20) -> 0 | S40: =SUM(S14:S20) -> -426.63494 | T40: =IFERROR(S40/P40,0) -> -1 | U40: =SUM(U14:U20) -> 501.43684 | V40: =SUM(V14:V20) -> 277.31271 | W40: =SUM(W14:W20) -> 16.09476 | X40: =SUM(X14:X20) -> 81.060639 | Y40: =SUM(Y14:Y20) -> 38.397145 | Z40: =SUM(Z14:Z20) -> 29.864446 | AA40: =SUM(AA14:AA20) -> 9.5622741 | AB40: =SUM(AB14:AB20) -> 0 | AC40: =SUM(AC14:AC20) -> -9.5622741 | AD40: =IFERROR(AC40/AA40,0) -> -1 | AE40: =SUM(AE14:AE20) -> 1.6258065 | AF40: =SUM(AF14:AF20) -> 0 | AG40: =SUM(AG14:AG20) -> -1.6258065 | AH40: =IFERROR(AG40/AE40,0) -> -1 | AI40: =SUM(AI14:AI20) -> 0 | AJ40: =IFERROR(AI40/E40,0) -> 0
B41: W4 - 17-23 | D41: =SUM(D21:D27) -> 55242.837 | E41: =SUM(E21:E27) -> 0 | F41: =SUM(F21:F27) -> -55242.837 | G41: =IFERROR(F41/D41,0) -> -1 | I41: =SUM(I21:I27) -> 2614.8086 | J41: =SUM(J21:J27) -> 0 | K41: =SUM(K21:K27) -> 0 | L41: =SUM(L21:L27) -> -2614.8086 | M41: =IFERROR(L41/I41,0) -> -1 | N41: =SUM(N21:N27) -> 21.761387 | O41: =SUM(O21:O27) -> 821.23435 | P41: =SUM(P21:P27) -> 538.39782 | Q41: =SUM(Q21:Q27) -> 0 | R41: =SUM(R21:R27) -> 0 | S41: =SUM(S21:S27) -> -538.39782 | T41: =IFERROR(S41/P41,0) -> -1 | U41: =SUM(U21:U27) -> 632.79511 | V41: =SUM(V21:V27) -> 349.95858 | W41: =SUM(W21:W27) -> 20.311003 | X41: =SUM(X21:X27) -> 102.29559 | Y41: =SUM(Y21:Y27) -> 48.455804 | Z41: =SUM(Z21:Z27) -> 37.687847 | AA41: =SUM(AA21:AA27) -> 9.5622741 | AB41: =SUM(AB21:AB27) -> 0 | AC41: =SUM(AC21:AC27) -> -9.5622741 | AD41: =IFERROR(AC41/AA41,0) -> -1 | AE41: =SUM(AE21:AE27) -> 1.6258065 | AF41: =SUM(AF21:AF27) -> 0 | AG41: =SUM(AG21:AG27) -> -1.6258065 | AH41: =IFERROR(AG41/AE41,0) -> -1 | AI41: =SUM(AI21:AI27) -> 0 | AJ41: =IFERROR(AI41/E41,0) -> 0
B42: W5 - 24-30 | D42: =SUM(D28:D34) -> 56174.433 | E42: =SUM(E28:E34) -> 0 | F42: =SUM(F28:F34) -> -56174.433 | G42: =IFERROR(F42/D42,0) -> -1 | I42: =SUM(I28:I34) -> 2659.4944 | J42: =SUM(J28:J34) -> 0 | K42: =SUM(K28:K34) -> 0 | L42: =SUM(L28:L34) -> -2659.4944 | M42: =IFERROR(L42/I42,0) -> -1 | N42: =SUM(N28:N34) -> 22.128364 | O42: =SUM(O28:O34) -> 835.26882 | P42: =SUM(P28:P34) -> 547.59876 | Q42: =SUM(Q28:Q34) -> 0 | R42: =SUM(R28:R34) -> 0 | S42: =SUM(S28:S34) -> -547.59876 | T42: =IFERROR(S42/P42,0) -> -1 | U42: =SUM(U28:U34) -> 643.60925 | V42: =SUM(V28:V34) -> 355.93919 | W42: =SUM(W28:W34) -> 20.658108 | X42: =SUM(X28:X34) -> 104.04376 | Y42: =SUM(Y28:Y34) -> 49.283889 | Z42: =SUM(Z28:Z34) -> 38.331913 | AA42: =SUM(AA28:AA34) -> 9.5622741 | AB42: =SUM(AB28:AB34) -> 0 | AC42: =SUM(AC28:AC34) -> -9.5622741 | AD42: =IFERROR(AC42/AA42,0) -> -1 | AE42: =SUM(AE28:AE34) -> 1.6258065 | AF42: =SUM(AF28:AF34) -> 0 | AG42: =SUM(AG28:AG34) -> -1.6258065 | AH42: =IFERROR(AG42/AE42,0) -> -1 | AI42: =SUM(AI28:AI34) -> 0 | AJ42: =IFERROR(AI42/E42,0) -> 0
B43: W6 - 31 | D43: =SUM(D34:D35) -> 15320.831 | E43: =SUM(E34:E35) -> 0 | F43: =SUM(F34:F35) -> -15320.831 | G43: =IFERROR(F43/D43,0) -> -1 | I43: =SUM(I34:I35) -> 721.4373 | J43: =SUM(J34:J35) -> 0 | K43: =SUM(K34:K35) -> 0 | L43: =SUM(L34:L35) -> -721.4373 | M43: =IFERROR(L43/I43,0) -> -1 | N43: =SUM(N34:N35) -> 6.0352175 | O43: =SUM(O34:O35) -> 226.5822 | P43: =SUM(P34:P35) -> 148.54635 | Q43: =SUM(Q34:Q35) -> 0 | R43: =SUM(R34:R35) -> 0 | S43: =SUM(S34:S35) -> -148.54635 | T43: =IFERROR(S43/P43,0) -> -1 | U43: =SUM(U34:U35) -> 174.59098 | V43: =SUM(V34:V35) -> 96.555126 | W43: =SUM(W34:W35) -> 5.6038959 | X43: =SUM(X34:X35) -> 28.223806 | Y43: =SUM(Y34:Y35) -> 13.369171 | Z43: =SUM(Z34:Z35) -> 10.398244 | AA43: =SUM(AA34:AA35) -> 2.7320783 | AB43: =SUM(AB34:AB35) -> 0 | AC43: =SUM(AC34:AC35) -> -2.7320783 | AD43: =IFERROR(AC43/AA43,0) -> -1 | AE43: =SUM(AE34:AE35) -> 0.46451613 | AF43: =SUM(AF34:AF35) -> 0 | AG43: =SUM(AG34:AG35) -> -0.46451613 | AH43: =IFERROR(AG43/AE43,0) -> -1 | AI43: =SUM(AI34:AI35) -> 0 | AJ43: =IFERROR(AI43/E43,0) -> 0
P46: MW Services Recovery ON-TOP
P48: PELLICOLE | Q48: 0.65 | R48: =$S$37*Q48 -> 0 | S48: =R48/17.23 -> 0 | T48: PEZZI
P49: RTU (30€) | Q49: 0.19 | R49: =$S$37*Q49 -> 0 | S49: =R49/30 -> 0 | T49: PEZZI
P50: CALIBRAZIONE (89€) | Q50: 0.09 | R50: =$S$37*Q50 -> 0 | S50: =R50/89 -> 0 | T50: PEZZI
P51: Altro | Q51: 0.07 | R51: =$S$37*Q51 -> 0

Sheet Kerb_Mensile
B2: RESCALDINA | N2: Seleziona il negozio
B3: Data | D3: Sales | E3: Protection | H3: MW Services | P3: McAfee | Q3: Microsoft
D4: Obiettivo Sales | E4: Sales Protection | F4: Obiettivo EBIT | G4: PEZZI U300 | H4: Obiettivo Sales | I4: Obiettivo EBIT | J4: Screen Sales | K4: Screen EBIT | L4: PEZZI Screen | M4: EBIT RTU | N4: EBIT Calibrazioni | O4: EBIT Altro | P4: Ob. Pezzi | Q4: Ob. Pezzi
B5: 1 | C5: Ago | D5: =IFERROR(VLOOKUP($B$2,'FCST Sales'!$A$3:$AG$180,B5+1,0),0) -> 57303.247 | E5: =F5*Kerb_BRIEFING!$J$5 -> 3782.8735 | F5: =IFERROR(VLOOKUP($B$2,'BDGT Polizze MTD'!$A$3:$AG$175,Kerb_Mensile!B5+1,0),0) -> 2043.1399 | G5: =IFERROR(D5*Kerb_Realtime!$CD$3/Kerb_Realtime!$CE$3,0) -> 22.573029 | H5: =(J5-K5)+I5 -> 938.72052 | I5: =IFERROR(VLOOKUP($B$2,'BDGT MW Services MTD'!$A$3:$AG$174,Kerb_Mensile!B5+1,0),0) -> 615.42127 | J5: =K5*Screen_Margini!$R$7 -> 723.32308 | K5: =I5*Kerb_BRIEFING!$Z$5 -> 400.02382 | L5: =K5/Screen_Margini!$G$17 -> 23.216705 | M5: =I5*Kerb_BRIEFING!$AB$5 -> 116.93004 | N5: =I5*Kerb_BRIEFING!$AC$5 -> 55.387914 | O5: =I5*Kerb_BRIEFING!$AD$5 -> 43.079489 | P5: =IFERROR(VLOOKUP($B$2,'BDGT McAfee'!$AZ$6:$BD$190,4,0)/31,0) -> 7.760844 | Q5: =IFERROR(VLOOKUP($B$2,'BDGT Office'!$C$3:$F$180,3,0)/31,0) -> 1.8580645
B6: 2 | C6: Ago | D6: =IFERROR(VLOOKUP($B$2,'FCST Sales'!$A$3:$AG$180,B6+1,0),0) -> 49962.821 | E6: =F6*Kerb_BRIEFING!$J$5 -> 3258.9371 | F6: =IFERROR(VLOOKUP($B$2,'BDGT Polizze MTD'!$A$3:$AG$175,Kerb_Mensile!B6+1,0),0) -> 1760.1604 | G6: =IFERROR(D6*Kerb_Realtime!$CD$3/Kerb_Realtime!$CE$3,0) -> 19.681471 | H6: =(J6-K6)+I6 -> 808.70564 | I6: =IFERROR(VLOOKUP($B$2,'BDGT MW Services MTD'!$A$3:$AG$174,Kerb_Mensile!B6+1,0),0) -> 530.18405 | J6: =K6*Screen_Margini!$R$7 -> 623.14122 | K6: =I6*Kerb_BRIEFING!$Z$5 -> 344.61963 | L6: =K6/Screen_Margini!$G$17 -> 20.001139 | M6: =I6*Kerb_BRIEFING!$AB$5 -> 100.73497 | N6: =I6*Kerb_BRIEFING!$AC$5 -> 47.716565 | O6: =I6*Kerb_BRIEFING!$AD$5 -> 37.112884 | P6: =IFERROR(VLOOKUP($B$2,'BDGT McAfee'!$AZ$6:$BD$190,4,0)/31,0) -> 7.760844 | Q6: =IFERROR(VLOOKUP($B$2,'BDGT Office'!$C$3:$F$180,3,0)/31,0) -> 1.8580645
B7: 3 | C7: Ago | D7: =IFERROR(VLOOKUP($B$2,'FCST Sales'!$A$3:$AG$180,B7+1,0),0) -> 38367.565 | E7: =F7*Kerb_BRIEFING!$J$5 -> 2532.8346 | F7: =IFERROR(VLOOKUP($B$2,'BDGT Polizze MTD'!$A$3:$AG$175,Kerb_Mensile!B7+1,0),0) -> 1367.9906 | G7: =IFERROR(D7*Kerb_Realtime!$CD$3/Kerb_Realtime!$CE$3,0) -> 15.113841 | H7: =(J7-K7)+I7 -> 628.52321 | I7: =IFERROR(VLOOKUP($B$2,'BDGT MW Services MTD'!$A$3:$AG$174,Kerb_Mensile!B7+1,0),0) -> 412.0572 | J7: =K7*Screen_Margini!$R$7 -> 484.30319 | K7: =I7*Kerb_BRIEFING!$Z$5 -> 267.83718 | L7: =K7/Screen_Margini!$G$17 -> 15.544816 | M7: =I7*Kerb_BRIEFING!$AB$5 -> 78.290868 | N7: =I7*Kerb_BRIEFING!$AC$5 -> 37.085148 | O7: =I7*Kerb_BRIEFING!$AD$5 -> 28.844004 | P7: =IFERROR(VLOOKUP($B$2,'BDGT McAfee'!$AZ$6:$BD$190,4,0)/31,0) -> 7.760844 | Q7: =IFERROR(VLOOKUP($B$2,'BDGT Office'!$C$3:$F$180,3,0)/31,0) -> 1.8580645
B8: 4 | C8: Ago | D8: =IFERROR(VLOOKUP($B$2,'FCST Sales'!$A$3:$AG$180,B8+1,0),0) -> 36925.274 | E8: =F8*Kerb_BRIEFING!$J$5 -> 2437.6217 | F8: =IFERROR(VLOOKUP($B$2,'BDGT Polizze MTD'!$A$3:$AG$175,Kerb_Mensile!B8+1,0),0) -> 1316.5659 | G8: =IFERROR(D8*Kerb_Realtime!$CD$3/Kerb_Realtime!$CE$3,0) -> 14.545691 | H8: =(J8-K8)+I8 -> 604.89614 | I8: =IFERROR(VLOOKUP($B$2,'BDGT MW Services MTD'!$A$3:$AG$174,Kerb_Mensile!B8+1,0),0) -> 396.56739 | J8: =K8*Screen_Margini!$R$7 -> 466.09755 | K8: =I8*Kerb_BRIEFING!$Z$5 -> 257.7688 | L8: =K8/Screen_Margini!$G$17 -> 14.960465 | M8: =I8*Kerb_BRIEFING!$AB$5 -> 75.347805 | N8: =I8*Kerb_BRIEFING!$AC$5 -> 35.691065 | O8: =I8*Kerb_BRIEFING!$AD$5 -> 27.759717 | P8: =IFERROR(VLOOKUP($B$2,'BDGT McAfee'!$AZ$6:$BD$190,4,0)/31,0) -> 7.760844 | Q8: =IFERROR(VLOOKUP($B$2,'BDGT Office'!$C$3:$F$180,3,0)/31,0) -> 1.8580645
B9: 5 | C9: Ago | D9: =IFERROR(VLOOKUP($B$2,'FCST Sales'!$A$3:$AG$180,B9+1,0),0) -> 36731.622 | E9: =F9*Kerb_BRIEFING!$J$5 -> 2424.8378 | F9: =IFERROR(VLOOKUP($B$2,'BDGT Polizze MTD'!$A$3:$AG$175,Kerb_Mensile!B9+1,0),0) -> 1309.6612 | G9: =IFERROR(D9*Kerb_Realtime!$CD$3/Kerb_Realtime!$CE$3,0) -> 14.469407 | H9: =(J9-K9)+I9 -> 601.7238 | I9: =IFERROR(VLOOKUP($B$2,'BDGT MW Services MTD'!$A$3:$AG$174,Kerb_Mensile!B9+1,0),0) -> 394.48762 | J9: =K9*Screen_Margini!$R$7 -> 463.65313 | K9: =I9*Kerb_BRIEFING!$Z$5 -> 256.41695 | L9: =K9/Screen_Margini!$G$17 -> 14.882005 | M9: =I9*Kerb_BRIEFING!$AB$5 -> 74.952647 | N9: =I9*Kerb_BRIEFING!$AC$5 -> 35.503886 | O9: =I9*Kerb_BRIEFING!$AD$5 -> 27.614133 | P9: =IFERROR(VLOOKUP($B$2,'BDGT McAfee'!$AZ$6:$BD$190,4,0)/31,0) -> 7.760844 | Q9: =IFERROR(VLOOKUP($B$2,'BDGT Office'!$C$3:$F$180,3,0)/31,0) -> 1.8580645
B10: 6 | C10: Ago | D10: =IFERROR(VLOOKUP($B$2,'FCST Sales'!$A$3:$AG$180,B10+1,0),0) -> 38294.152 | E10: =F10*Kerb_BRIEFING!$J$5 -> 2527.9882 | F10: =IFERROR(VLOOKUP($B$2,'BDGT Polizze MTD'!$A$3:$AG$175,Kerb_Mensile!B10+1,0),0) -> 1365.373 | G10: =IFERROR(D10*Kerb_Realtime!$CD$3/Kerb_Realtime!$CE$3,0) -> 15.084922 | H10: =(J10-K10)+I10 -> 627.32058 | I10: =IFERROR(VLOOKUP($B$2,'BDGT MW Services MTD'!$A$3:$AG$174,Kerb_Mensile!B10+1,0),0) -> 411.26876 | J10: =K10*Screen_Margini!$R$7 -> 483.37651 | K10: =I10*Kerb_BRIEFING!$Z$5 -> 267.32469 | L10: =K10/Screen_Margini!$G$17 -> 15.515072 | M10: =I10*Kerb_BRIEFING!$AB$5 -> 78.141065 | N10: =I10*Kerb_BRIEFING!$AC$5 -> 37.014188 | O10: =I10*Kerb_BRIEFING!$AD$5 -> 28.788813 | P10: =IFERROR(VLOOKUP($B$2,'BDGT McAfee'!$AZ$6:$BD$190,4,0)/31,0) -> 7.760844 | Q10: =IFERROR(VLOOKUP($B$2,'BDGT Office'!$C$3:$F$180,3,0)/31,0) -> 1.8580645
B11: 7 | C11: Ago | D11: =IFERROR(VLOOKUP($B$2,'FCST Sales'!$A$3:$AG$180,B11+1,0),0) -> 39446.851 | E11: =F11*Kerb_BRIEFING!$J$5 -> 2604.0836 | F11: =IFERROR(VLOOKUP($B$2,'BDGT Polizze MTD'!$A$3:$AG$175,Kerb_Mensile!B11+1,0),0) -> 1406.4724 | G11: =IFERROR(D11*Kerb_Realtime!$CD$3/Kerb_Realtime!$CE$3,0) -> 15.538996 | H11: =(J11-K11)+I11 -> 646.20367 | I11: =IFERROR(VLOOKUP($B$2,'BDGT MW Services MTD'!$A$3:$AG$174,Kerb_Mensile!B11+1,0),0) -> 423.64844 | J11: =K11*Screen_Margini!$R$7 -> 497.92672 | K11: =I11*Kerb_BRIEFING!$Z$5 -> 275.37149 | L11: =K11/Screen_Margini!$G$17 -> 15.982094 | M11: =I11*Kerb_BRIEFING!$AB$5 -> 80.493204 | N11: =I11*Kerb_BRIEFING!$AC$5 -> 38.12836 | O11: =I11*Kerb_BRIEFING!$AD$5 -> 29.655391 | P11: =IFERROR(VLOOKUP($B$2,'BDGT McAfee'!$AZ$6:$BD$190,4,0)/31,0) -> 7.760844 | Q11: =IFERROR(VLOOKUP($B$2,'BDGT Office'!$C$3:$F$180,3,0)/31,0) -> 1.8580645
B12: 8 | C12: Ago | D12: =IFERROR(VLOOKUP($B$2,'FCST Sales'!$A$3:$AG$180,B12+1,0),0) -> 48364.005 | E12: =F12*Kerb_BRIEFING!$J$5 -> 3192.7495 | F12: =IFERROR(VLOOKUP($B$2,'BDGT Polizze MTD'!$A$3:$AG$175,Kerb_Mensile!B12+1,0),0) -> 1724.4124 | G12: =IFERROR(D12*Kerb_Realtime!$CD$3/Kerb_Realtime!$CE$3,0) -> 19.051662 | H12: =(J12-K12)+I12 -> 792.28119 | I12: =IFERROR(VLOOKUP($B$2,'BDGT MW Services MTD'!$A$3:$AG$174,Kerb_Mensile!B12+1,0),0) -> 519.41625 | J12: =K12*Screen_Margini!$R$7 -> 610.4855 | K12: =I12*Kerb_BRIEFING!$Z$5 -> 337.62056 | L12: =K12/Screen_Margini!$G$17 -> 19.594925 | M12: =I12*Kerb_BRIEFING!$AB$5 -> 98.689087 | N12: =I12*Kerb_BRIEFING!$AC$5 -> 46.747462 | O12: =I12*Kerb_BRIEFING!$AD$5 -> 36.359137 | P12: =IFERROR(VLOOKUP($B$2,'BDGT McAfee'!$AZ$6:$BD$190,4,0)/31,0) -> 7.760844 | Q12: =IFERROR(VLOOKUP($B$2,'BDGT Office'!$C$3:$F$180,3,0)/31,0) -> 1.8580645
B13: 9 | C13: Ago | D13: =IFERROR(VLOOKUP($B$2,'FCST Sales'!$A$3:$AG$180,B13+1,0),0) -> 45049.368 | E13: =F13*Kerb_BRIEFING!$J$5 -> 2938.4461 | F13: =IFERROR(VLOOKUP($B$2,'BDGT Polizze MTD'!$A$3:$AG$175,Kerb_Mensile!B13+1,0),0) -> 1587.0624 | G13: =IFERROR(D13*Kerb_Realtime!$CD$3/Kerb_Realtime!$CE$3,0) -> 17.745953 | H13: =(J13-K13)+I13 -> 729.17576 | I13: =IFERROR(VLOOKUP($B$2,'BDGT MW Services MTD'!$A$3:$AG$174,Kerb_Mensile!B13+1,0),0) -> 478.0446 | J13: =K13*Screen_Margini!$R$7 -> 561.86016 | K13: =I13*Kerb_BRIEFING!$Z$5 -> 310.72899 | L13: =K13/Screen_Margini!$G$17 -> 18.034184 | M13: =I13*Kerb_BRIEFING!$AB$5 -> 90.828473 | N13: =I13*Kerb_BRIEFING!$AC$5 -> 43.024014 | O13: =I13*Kerb_BRIEFING!$AD$5 -> 33.463122 | P13: =IFERROR(VLOOKUP($B$2,'BDGT McAfee'!$AZ$6:$BD$190,4,0)/31,0) -> 7.760844 | Q13: =IFERROR(VLOOKUP($B$2,'BDGT Office'!$C$3:$F$180,3,0)/31,0) -> 1.8580645
B14: 10 | C14: Ago | D14: =IFERROR(VLOOKUP($B$2,'FCST Sales'!$A$3:$AG$180,B14+1,0),0) -> 43132.68 | E14: =F14*Kerb_BRIEFING!$J$5 -> 2847.4036 | F14: =IFERROR(VLOOKUP($B$2,'BDGT Polizze MTD'!$A$3:$AG$175,Kerb_Mensile!B14+1,0),0) -> 1537.8901 | G14: =IFERROR(D14*Kerb_Realtime!$CD$3/Kerb_Realtime!$CE$3,0) -> 16.990926 | H14: =(J14-K14)+I14 -> 706.58356 | I14: =IFERROR(VLOOKUP($B$2,'BDGT MW Services MTD'!$A$3:$AG$174,Kerb_Mensile!B14+1,0),0) -> 463.23324 | J14: =K14*Screen_Margini!$R$7 -> 544.45192 | K14: =I14*Kerb_BRIEFING!$Z$5 -> 301.10161 | L14: =K14/Screen_Margini!$G$17 -> 17.475427 | M14: =I14*Kerb_BRIEFING!$AB$5 -> 88.014316 | N14: =I14*Kerb_BRIEFING!$AC$5 -> 41.690992 | O14: =I14*Kerb_BRIEFING!$AD$5 -> 32.426327 | P14: =IFERROR(VLOOKUP($B$2,'BDGT McAfee'!$AZ$6:$BD$190,4,0)/31,0) -> 7.760844 | Q14: =IFERROR(VLOOKUP($B$2,'BDGT Office'!$C$3:$F$180,3,0)/31,0) -> 1.8580645
B15: 11 | C15: Ago | D15: =IFERROR(VLOOKUP($B$2,'FCST Sales'!$A$3:$AG$180,B15+1,0),0) -> 41496.592 | E15: =F15*Kerb_BRIEFING!$J$5 -> 2739.3972 | F15: =IFERROR(VLOOKUP($B$2,'BDGT Polizze MTD'!$A$3:$AG$175,Kerb_Mensile!B15+1,0),0) -> 1479.5556 | G15: =IFERROR(D15*Kerb_Realtime!$CD$3/Kerb_Realtime!$CE$3,0) -> 16.346435 | H15: =(J15-K15)+I15 -> 679.78177 | I15: =IFERROR(VLOOKUP($B$2,'BDGT MW Services MTD'!$A$3:$AG$174,Kerb_Mensile!B15+1,0),0) -> 445.6621 | J15: =K15*Screen_Margini!$R$7 -> 523.80003 | K15: =I15*Kerb_BRIEFING!$Z$5 -> 289.68036 | L15: =K15/Screen_Margini!$G$17 -> 16.812557 | M15: =I15*Kerb_BRIEFING!$AB$5 -> 84.675799 | N15: =I15*Kerb_BRIEFING!$AC$5 -> 40.109589 | O15: =I15*Kerb_BRIEFING!$AD$5 -> 31.196347 | P15: =IFERROR(VLOOKUP($B$2,'BDGT McAfee'!$AZ$6:$BD$190,4,0)/31,0) -> 7.760844 | Q15: =IFERROR(VLOOKUP($B$2,'BDGT Office'!$C$3:$F$180,3,0)/31,0) -> 1.8580645
B16: 12 | C16: Ago | D16: =IFERROR(VLOOKUP($B$2,'FCST Sales'!$A$3:$AG$180,B16+1,0),0) -> 41678.632 | E16: =F16*Kerb_BRIEFING!$J$5 -> 2751.4146 | F16: =IFERROR(VLOOKUP($B$2,'BDGT Polizze MTD'!$A$3:$AG$175,Kerb_Mensile!B16+1,0),0) -> 1486.0462 | G16: =IFERROR(D16*Kerb_Realtime!$CD$3/Kerb_Realtime!$CE$3,0) -> 16.418144 | H16: =(J16-K16)+I16 -> 682.76388 | I16: =IFERROR(VLOOKUP($B$2,'BDGT MW Services MTD'!$A$3:$AG$174,Kerb_Mensile!B16+1,0),0) -> 447.61716 | J16: =K16*Screen_Margini!$R$7 -> 526.09787 | K16: =I16*Kerb_BRIEFING!$Z$5 -> 290.95115 | L16: =K16/Screen_Margini!$G$17 -> 16.886312 | M16: =I16*Kerb_BRIEFING!$AB$5 -> 85.04726 | N16: =I16*Kerb_BRIEFING!$AC$5 -> 40.285544 | O16: =I16*Kerb_BRIEFING!$AD$5 -> 31.333201 | P16: =IFERROR(VLOOKUP($B$2,'BDGT McAfee'!$AZ$6:$BD$190,4,0)/31,0) -> 7.760844 | Q16: =IFERROR(VLOOKUP($B$2,'BDGT Office'!$C$3:$F$180,3,0)/31,0) -> 1.8580645
... B35: 31 | C35: Ago | D35: =IFERROR(VLOOKUP($B$2,'FCST Sales'!$A$3:$AG$180,B35+1,0),0) -> 36891.631 | E35: =F35*Kerb_BRIEFING!$J$5 -> 2435.4008 | F35: =IFERROR(VLOOKUP($B$2,'BDGT Polizze MTD'!$A$3:$AG$175,Kerb_Mensile!B35+1,0),0) -> 1315.3663 | G35: =IFERROR(D35*Kerb_Realtime!$CD$3/Kerb_Realtime!$CE$3,0) -> 14.532438 | H35: =(J35-K35)+I35 -> 604.34501 | I35: =IFERROR(VLOOKUP($B$2,'BDGT MW Services MTD'!$A$3:$AG$174,Kerb_Mensile!B35+1,0),0) -> 396.20607 | J35: =K35*Screen_Margini!$R$7 -> 465.67288 | K35: =I35*Kerb_BRIEFING!$Z$5 -> 257.53395 | L35: =K35/Screen_Margini!$G$17 -> 14.946834 | M35: =I35*Kerb_BRIEFING!$AB$5 -> 75.279154 | N35: =I35*Kerb_BRIEFING!$AC$5 -> 35.658546 | O35: =I35*Kerb_BRIEFING!$AD$5 -> 27.734425 | P35: =IFERROR(VLOOKUP($B$2,'BDGT McAfee'!$AZ$6:$BD$190,4,0)/31,0) -> 7.760844 | Q35: =IFERROR(VLOOKUP($B$2,'BDGT Office'!$C$3:$F$180,3,0)/31,0) -> 1.8580645
B36: TOT | D36: =SUM(D5:D35) -> 1362806.3 | E36: =F36*Kerb_BRIEFING!$J$5 -> 89254.706 | F36: =SUM(F5:F35) -> 48206.7 | G36: =SUM(G5:G35) -> 536.83985 | H36: =SUM(H5:H35) -> 22148.566 | I36: =SUM(I5:I35) -> 14520.508 | J36: =SUM(J5:J35) -> 17066.389 | K36: =SUM(K5:K35) -> 9438.3301 | L36: =SUM(L5:L35) -> 547.78469 | M36: =SUM(M5:M35) -> 2758.8965 | ... Q36: =SUM(Q5:Q35) -> 57.6
B37: W1 - 01-02 | D37: =SUM(D5:D6) -> 107266.07 | E37: =SUM(E5:E6) -> 7041.8105 | F37: =SUM(F5:F6) -> 3803.3003 | G37: =SUM(G5:G6) -> 42.2545 | H37: =SUM(H5:H6) -> 1747.4262 | I37: =SUM(I5:I6) -> 1145.6053 | J37: =SUM(J5:J6) -> 1346.4643 | K37: =SUM(K5:K6) -> 744.64346 | ... Q37: =SUM(Q5:Q6) -> 3.716129
B38: W2 - 03-09 | D38: =SUM(D7:D13) -> 283178.84 | E38: =SUM(E7:E13) -> 18658.561 | F38: =SUM(F7:F13) -> 10077.538 | G38: =SUM(G7:G13) -> 111.55047 | H38: =SUM(H7:H13) -> 4630.1244 | I38: =SUM(I7:I13) -> 3035.4903 | J38: =SUM(J7:J13) -> 3567.7028 | K38: =SUM(K7:K13) -> 1973.0687 | ... Q38: =SUM(Q7:Q13) -> 13.006452
B39: W3 - 10-16 | D39: =SUM(D14:D20) -> 269525.52 | E39: =SUM(E14:E20) -> 17238.483 | F39: =SUM(F14:F20) -> 9310.5497 | G39: =SUM(G14:G20) -> 106.17212 | H39: =SUM(H14:H20) -> 4277.7316 | I39: =SUM(I14:I20) -> 2804.463 | J39: =SUM(J14:J20) -> 3296.1696 | K39: =SUM(K14:K20) -> 1822.901 | ... Q39: =SUM(Q14:Q20) -> 13.006452
B40: W4 - 17-23 | D40: =SUM(D21:D27) -> 330188.03 | E40: =SUM(E21:E27) -> 21754.34 | F40: =SUM(F21:F27) -> 11749.576 | G40: =SUM(G21:G27) -> 130.06844 | H40: =SUM(H21:H27) -> 5398.3422 | I40: =SUM(I21:I27) -> 3539.1306 | J40: =SUM(J21:J27) -> 4159.6464 | K40: =SUM(K21:K27) -> 2300.4349 | ... Q40: =SUM(Q21:Q27) -> 13.006452
B41: W5 - 24-30 | D41: =SUM(D28:D34) -> 335756.21 | E41: =SUM(E28:E34) -> 22126.11 | F41: =SUM(F28:F34) -> 11950.37 | G41: =SUM(G28:G34) -> 132.26187 | H41: =SUM(H28:H34) -> 5490.597 | I41: =SUM(I28:I34) -> 3599.6126 | J41: =SUM(J28:J34) -> 4230.7326 | K41: =SUM(K28:K34) -> 2339.7482 | ... Q41: =SUM(Q28:Q34) -> 13.006452
B42: W6 - 31 | D42: =SUM(D35) -> 36891.631 | E42: =SUM(E35) -> 2435.4008 | F42: =SUM(F35) -> 1315.3663 | G42: =SUM(G35) -> 14.532438 | H42: =SUM(H35) -> 604.34501 | I42: =SUM(I35) -> 396.20607 | J42: =SUM(J35) -> 465.67288 | K42: =SUM(K35) -> 257.53395 | ... Q42: =SUM(Q35) -> 1.8580645

Sheet Kerb_BRIEFING
A1: 1 | B1: Agosto
A3: McAfee | H3: Protection | O3: Office - Microsoft 365 | U3: MW Services | AG3: Sales
B4: =CONCATENATE(A1," ",B1," 2026") -> 1 Agosto 2026 | C4: Obiettivo Pezzi AGO 2026 | D4: Obiettivo PZ OGGI | I4: =B4 -> 1 Agosto 2026 | J4: Sales Protection | K4: Obiettivo EBIT | L4: Obiettivo PEZZI U300 | P4: =B4 -> 1 Agosto 2026 | Q4: Obiettivo Pezzi AGO 2026 | R4: Obiettivo Pezzi OGGI | V4: =B4 -> 1 Agosto 2026 | W4: Obiettivo Sales | X4: Obiettivo EBIT | Y4: Screen Sales | Z4: Screen EBIT | AA4: Screen PEZZI | AB4: EBIT Mondo RTU | AC4: EBIT Mondo Calibrazione | AD4: EBIT Altro | AH4: =B4 -> 1 Agosto 2026 | AI4: Obiettivo Sales
J5: 1.8515 | Y5: =Screen_Margini!R7 -> 1.8082 | Z5: 0.65 | AB5: 0.19 | AC5: 0.09 | AD5: 0.07
B6: TOT Area 1 | C6: =SUM(C8:C23) -> 4250.2431 | D6: =SUM(D8:D23) -> 141.67477 | I6: TOT Area 1 | J6: =SUM(J8:J23) -> 63998.689 | K6: =SUM(K8:K23) -> 34565.86 | L6: =SUM(L8:L23) -> 376.44862 | P6: TOT Area 1 | Q6: =SUM(Q8:Q23) -> 838.8 | R6: =SUM(R8:R23) -> 27.96 | V6: TOT Area 1 | W6: =SUM(W8:W23) -> 13310.518 | X6: =SUM(X8:X23) -> 8726.3203 | Y6: =SUM(Y8:Y23) -> 10256.306 | Z6: =SUM(Z8:Z23) -> 5672.1082 | AA6: =SUM(AA8:AA23) -> 329.19955 | AB6: =SUM(AB8:AB23) -> 1658.0009 | AC6: =SUM(AC8:AC23) -> 785.36883 | AD6: =SUM(AD8:AD23) -> 610.84242 | AH6: TOT Area 1 | AI6: =SUM(AI8:AI23) -> 955641.71
B8: ARESE | C8: =IFERROR(VLOOKUP($B8,'BDGT McAfee'!$AZ$6:$BD$190,4,0),0) -> 358.34854 | D8: =C8/30 -> 11.944951 | I8: ARESE | J8: =K8*$J$5 -> 5792.7146 | K8: =IFERROR(VLOOKUP($B8,'BDGT Polizze MTD'!$A$3:$AF$175,Interprete_Date!$B$17,0),0) -> 3128.6603 | L8: =IFERROR((AI8*Kerb_Realtime!$CD$3/Kerb_Realtime!$CE$3),0) -> 32.327846 | P8: ARESE | Q8: =IFERROR(VLOOKUP($B8,'BDGT Office'!$C$3:$F$180,3,0),0) -> 55.2 | R8: =Q8/30 -> 1.84 | V8: ARESE | W8: =(Y8-Z8)+X8 -> 1344.373 | X8: =IFERROR(VLOOKUP($B8,'BDGT MW Services MTD'!$A$3:$AF$174,Interprete_Date!$B$17,0),0) -> 881.36532 | Y8: =Z8*$Y$5 -> 1035.8951 | Z8: =X8*Z$5 -> 572.88746 | AA8: =Z8/Screen_Margini!$G$17 -> 33.249417 | AB8: =X8*AB$5 -> 167.45941 | AC8: =X8*AC$5 -> 79.322879 | AD8: =X8*AD$5 -> 61.695572 | AH8: ARESE | AI8: =IFERROR(VLOOKUP($B8,'FCST Sales'!$A$3:$AG$180,Interprete_Date!$B$17,0),0) -> 82066.547
B9: BERGAMO 1 | C9: =IFERROR(VLOOKUP($B9,'BDGT McAfee'!$AZ$6:$BD$190,4,0),0) -> 226.41419 | D9: =C9/30 -> 7.5471396 | I9: BERGAMO 1 | J9: =K9*$J$5 -> 3440.5339 | K9: =IFERROR(VLOOKUP($B9,'BDGT Polizze MTD'!$A$3:$AF$175,Interprete_Date!$B$17,0),0) -> 1858.2414 | L9: =IFERROR((AI9*Kerb_Realtime!$CD$3/Kerb_Realtime!$CE$3),0) -> 20.749608 | P9: BERGAMO 1 | Q9: =IFERROR(VLOOKUP($B9,'BDGT Office'!$C$3:$F$180,3,0),0) -> 36 | R9: =Q9/30 -> 1.2 | V9: BERGAMO 1 | W9: =(Y9-Z9)+X9 -> 812.35536 | X9: =IFERROR(VLOOKUP($B9,'BDGT MW Services MTD'!$A$3:$AF$174,Interprete_Date!$B$17,0),0) -> 532.57679 | Y9: =Z9*$Y$5 -> 625.95348 | Z9: =X9*Z$5 -> 346.17491 | AA9: =Z9/Screen_Margini!$G$17 -> 20.091405 | AB9: =X9*AB$5 -> 101.18959 | AC9: =X9*AC$5 -> 47.931911 | AD9: =X9*AD$5 -> 37.280375 | AH9: BERGAMO 1 | AI9: =IFERROR(VLOOKUP($B9,'FCST Sales'!$A$3:$AG$180,Interprete_Date!$B$17,0),0) -> 52674.361
B10: BERGAMO 2 | C10: =IFERROR(VLOOKUP($B10,'BDGT McAfee'!$AZ$6:$BD$190,4,0),0) -> 297.78021 | D10: =C10/30 -> 9.926007 | I10: BERGAMO 2 | J10: =K10*$J$5 -> 4540.0528 | K10: =IFERROR(VLOOKUP($B10,'BDGT Polizze MTD'!$A$3:$AF$175,Interprete_Date!$B$17,0),0) -> 2452.0944 | L10: =IFERROR((AI10*Kerb_Realtime!$CD$3/Kerb_Realtime!$CE$3),0) -> 27.091246 | P10: BERGAMO 2 | Q10: =IFERROR(VLOOKUP($B10,'BDGT Office'!$C$3:$F$180,3,0),0) -> 30 | R10: =Q10/30 -> 1 | V10: BERGAMO 2 | W10: =(Y10-Z10)+X10 -> 819.37813 | X10: =IFERROR(VLOOKUP($B10,'BDGT MW Services MTD'!$A$3:$AF$174,Interprete_Date!$B$17,0),0) -> 537.18089 | Y10: =Z10*$Y$5 -> 631.36482 | Z10: =X10*Z$5 -> 349.16758 | AA10: =Z10/Screen_Margini!$G$17 -> 20.265095 | AB10: =X10*AB$5 -> 102.06437 | AC10: =X10*AC$5 -> 48.346281 | AD10: =X10*AD$5 -> 37.602663 | AH10: BERGAMO 2 | AI10: =IFERROR(VLOOKUP($B10,'FCST Sales'!$A$3:$AG$180,Interprete_Date!$B$17,0),0) -> 68773.062
B11: BUSNAGO | C11: =IFERROR(VLOOKUP($B11,'BDGT McAfee'!$AZ$6:$BD$190,4,0),0) -> 191.32168 | D11: =C11/30 -> 6.3773892 | I11: BUSNAGO | J11: =K11*$J$5 -> 2868.0837 | K11: =IFERROR(VLOOKUP($B11,'BDGT Polizze MTD'!$A$3:$AF$175,Interprete_Date!$B$17,0),0) -> 1549.0595 | L11: =IFERROR((AI11*Kerb_Realtime!$CD$3/Kerb_Realtime!$CE$3),0) -> 16.598751 | P11: BUSNAGO | Q11: =IFERROR(VLOOKUP($B11,'BDGT Office'!$C$3:$F$180,3,0),0) -> 46.8 | R11: =Q11/30 -> 1.56 | V11: BUSNAGO | W11: =(Y11-Z11)+X11 -> 690.26306 | X11: =IFERROR(VLOOKUP($B11,'BDGT MW Services MTD'!$A$3:$AF$174,Interprete_Date!$B$17,0),0) -> 452.53359 | Y11: =Z11*$Y$5 -> 531.8763 | Z11: =X11*Z$5 -> 294.14683 | AA11: =Z11/Screen_Margini!$G$17 -> 17.071784 | AB11: =X11*AB$5 -> 85.981382 | AC11: =X11*AC$5 -> 40.728023 | AD11: =X11*AD$5 -> 31.677351 | AH11: BUSNAGO | AI11: =IFERROR(VLOOKUP($B11,'FCST Sales'!$A$3:$AG$180,Interprete_Date!$B$17,0),0) -> 42137.114
B12: CARUGATE | C12: =IFERROR(VLOOKUP($B12,'BDGT McAfee'!$AZ$6:$BD$190,4,0),0) -> 269.26754 | D12: =C12/30 -> 8.9755848 | I12: CARUGATE | J12: =K12*$J$5 -> 4216.1449 | K12: =IFERROR(VLOOKUP($B12,'BDGT Polizze MTD'!$A$3:$AF$175,Interprete_Date!$B$17,0),0) -> 2277.1509 | L12: =IFERROR((AI12*Kerb_Realtime!$CD$3/Kerb_Realtime!$CE$3),0) -> 25.158435 | P12: CARUGATE | Q12: =IFERROR(VLOOKUP($B12,'BDGT Office'!$C$3:$F$180,3,0),0) -> 54 | R12: =Q12/30 -> 1.8 | V12: CARUGATE | W12: =(Y12-Z12)+X12 -> 836.51816 | X12: =IFERROR(VLOOKUP($B12,'BDGT MW Services MTD'!$A$3:$AF$174,Interprete_Date!$B$17,0),0) -> 548.41782 | Y12: =Z12*$Y$5 -> 644.57192 | Z12: =X12*Z$5 -> 356.47158 | AA12: =Z12/Screen_Margini!$G$17 -> 20.689007 | AB12: =X12*AB$5 -> 104.19939 | AC12: =X12*AC$5 -> 49.357604 | AD12: =X12*AD$5 -> 38.389247 | AH12: CARUGATE | AI12: =IFERROR(VLOOKUP($B12,'FCST Sales'!$A$3:$AG$180,Interprete_Date!$B$17,0),0) -> 63866.484
B13: MILANO CERTOSA | C13: =IFERROR(VLOOKUP($B13,'BDGT McAfee'!$AZ$6:$BD$190,4,0),0) -> 533.47367 | D13: =C13/30 -> 17.782456 | I13: MILANO CERTOSA | J13: =K13*$J$5 -> 8387.611 | K13: =IFERROR(VLOOKUP($B13,'BDGT Polizze MTD'!$A$3:$AF$175,Interprete_Date!$B$17,0),0) -> 4530.1707 | L13: =IFERROR((AI13*Kerb_Realtime!$CD$3/Kerb_Realtime!$CE$3),0) -> 50.585063 | P13: MILANO CERTOSA | Q13: =IFERROR(VLOOKUP($B13,'BDGT Office'!$C$3:$F$180,3,0),0) -> 105.6 | R13: =Q13/30 -> 3.52 | V13: MILANO CERTOSA | W13: =(Y13-Z13)+X13 -> 1646.1236 | X13: =IFERROR(VLOOKUP($B13,'BDGT MW Services MTD'!$A$3:$AF$174,Interprete_Date!$B$17,0),0) -> 1079.1918 | Y13: =Z13*$Y$5 -> 1268.4065 | Z13: =X13*Z$5 -> 701.47466 | AA13: =Z13/Screen_Margini!$G$17 -> 40.7124 | AB13: =X13*AB$5 -> 205.04644 | AC13: =X13*AC$5 -> 97.127261 | AD13: =X13*AD$5 -> 75.543425 | AH13: MILANO CERTOSA | AI13: =IFERROR(VLOOKUP($B13,'FCST Sales'!$A$3:$AG$180,Interprete_Date!$B$17,0),0) -> 128413.8
B14: MILANO CITTA' 1 | C14: =IFERROR(VLOOKUP($B14,'BDGT McAfee'!$AZ$6:$BD$190,4,0),0) -> 267.74912 | D14: =C14/30 -> 8.9249706 | I14: MILANO CITTA' 1 | J14: =K14*$J$5 -> 4904.9915 | K14: =IFERROR(VLOOKUP($B14,'BDGT Polizze MTD'!$A$3:$AF$175,Interprete_Date!$B$17,0),0) -> 2649.1987 | L14: =IFERROR((AI14*Kerb_Realtime!$CD$3/Kerb_Realtime!$CE$3),0) -> 29.581643 | P14: MILANO CITTA' 1 | Q14: =IFERROR(VLOOKUP($B14,'BDGT Office'!$C$3:$F$180,3,0),0) -> 74.4 | R14: =Q14/30 -> 2.48 | V14: MILANO CITTA' 1 | W14: =(Y14-Z14)+X14 -> 885.19111 | X14: =IFERROR(VLOOKUP($B14,'BDGT MW Services MTD'!$A$3:$AF$174,Interprete_Date!$B$17,0),0) -> 580.32761 | Y14: =Z14*$Y$5 -> 682.07645 | Z14: =X14*Z$5 -> 377.21294 | AA14: =Z14/Screen_Margini!$G$17 -> 21.8928 | AB14: =X14*AB$5 -> 110.26225 | AC14: =X14*AC$5 -> 52.229485 | AD14: =X14*AD$5 -> 40.622932 | AH14: MILANO CITTA' 1 | AI14: =IFERROR(VLOOKUP($B14,'FCST Sales'!$A$3:$AG$180,Interprete_Date!$B$17,0),0) -> 75095.114
B15: MILANO CITTA' 2 | C15: =IFERROR(VLOOKUP($B15,'BDGT McAfee'!$AZ$6:$BD$190,4,0),0) -> 240.08002 | D15: =C15/30 -> 8.0026674 | I15: MILANO CITTA' 2 | J15: =K15*$J$5 -> 3631.6878 | K15: =IFERROR(VLOOKUP($B15,'BDGT Polizze MTD'!$A$3:$AF$175,Interprete_Date!$B$17,0),0) -> 1961.4841 | L15: =IFERROR((AI15*Kerb_Realtime!$CD$3/Kerb_Realtime!$CE$3),0) -> 20.596284 | P15: MILANO CITTA' 2 | Q15: =IFERROR(VLOOKUP($B15,'BDGT Office'!$C$3:$F$180,3,0),0) -> 31.2 | R15: =Q15/30 -> 1.04 | V15: MILANO CITTA' 2 | W15: =(Y15-Z15)+X15 -> 745.43215 | X15: =IFERROR(VLOOKUP($B15,'BDGT MW Services MTD'!$A$3:$AF$174,Interprete_Date!$B$17,0),0) -> 488.70221 | Y15: =Z15*$Y$5 -> 574.38637 | Z15: =X15*Z$5 -> 317.65644 | AA15: =Z15/Screen_Margini!$G$17 -> 18.436241 | AB15: =X15*AB$5 -> 92.853421 | AC15: =X15*AC$5 -> 43.983199 | AD15: =X15*AD$5 -> 34.209155 | AH15: MILANO CITTA' 2 | AI15: =IFERROR(VLOOKUP($B15,'FCST Sales'!$A$3:$AG$180,Interprete_Date!$B$17,0),0) -> 52285.137
B16: MILANO EST | C16: =IFERROR(VLOOKUP($B16,'BDGT McAfee'!$AZ$6:$BD$190,4,0),0) -> 241.26102 | D16: =C16/30 -> 8.042034 | I16: MILANO EST | J16: =K16*$J$5 -> 4262.3375 | K16: =IFERROR(VLOOKUP($B16,'BDGT Polizze MTD'!$A$3:$AF$175,Interprete_Date!$B$17,0),0) -> 2302.0996 | L16: =IFERROR((AI16*Kerb_Realtime!$CD$3/Kerb_Realtime!$CE$3),0) -> 25.543664 | P16: MILANO EST | Q16: =IFERROR(VLOOKUP($B16,'BDGT Office'!$C$3:$F$180,3,0),0) -> 73.2 | R16: =Q16/30 -> 2.44 | V16: MILANO EST | W16: =(Y16-Z16)+X16 -> 955.45063 | X16: =IFERROR(VLOOKUP($B16,'BDGT MW Services MTD'!$A$3:$AF$174,Interprete_Date!$B$17,0),0) -> 626.38945 | Y16: =Z16*$Y$5 -> 736.21432 | Z16: =X16*Z$5 -> 407.15314 | AA16: =Z16/Screen_Margini!$G$17 -> 23.630479 | AB16: =X16*AB$5 -> 119.014 | AC16: =X16*AC$5 -> 56.375051 | AD16: =X16*AD$5 -> 43.847262 | AH16: MILANO EST | AI16: =IFERROR(VLOOKUP($B16,'FCST Sales'!$A$3:$AG$180,Interprete_Date!$B$17,0),0) -> 64844.415
B17: MILANO NORD | C17: =IFERROR(VLOOKUP($B17,'BDGT McAfee'!$AZ$6:$BD$190,4,0),0) -> 363.9161 | D17: =C17/30 -> 12.130537 | I17: MILANO NORD | J17: =K17*$J$5 -> 5852.2674 | K17: =IFERROR(VLOOKUP($B17,'BDGT Polizze MTD'!$A$3:$AF$175,Interprete_Date!$B$17,0),0) -> 3160.8249 | L17: =IFERROR((AI17*Kerb_Realtime!$CD$3/Kerb_Realtime!$CE$3),0) -> 35.294597 | P17: MILANO NORD | Q17: =IFERROR(VLOOKUP($B17,'BDGT Office'!$C$3:$F$180,3,0),0) -> 108 | R17: =Q17/30 -> 3.6 | V17: MILANO NORD | W17: =(Y17-Z17)+X17 -> 1320.1504 | X17: =IFERROR(VLOOKUP($B17,'BDGT MW Services MTD'!$A$3:$AF$174,Interprete_Date!$B$17,0),0) -> 865.48511 | Y17: =Z17*$Y$5 -> 1017.2306 | Z17: =X17*Z$5 -> 562.56532 | AA17: =Z17/Screen_Margini!$G$17 -> 32.650338 | AB17: =X17*AB$5 -> 164.44217 | AC17: =X17*AC$5 -> 77.89366 | AD17: =X17*AD$5 -> 60.583958 | AH17: MILANO NORD | AI17: =IFERROR(VLOOKUP($B17,'FCST Sales'!$A$3:$AG$180,Interprete_Date!$B$17,0),0) -> 89597.856
B18: MILANO PESCHIERA | C18: =IFERROR(VLOOKUP($B18,'BDGT McAfee'!$AZ$6:$BD$190,4,0),0) -> 136.32091 | D18: =C18/30 -> 4.5440304 | I18: MILANO PESCHIERA | J18: =K18*$J$5 -> 2023.3758 | K18: =IFERROR(VLOOKUP($B18,'BDGT Polizze MTD'!$A$3:$AF$175,Interprete_Date!$B$17,0),0) -> 1092.8306 | L18: =IFERROR((AI18*Kerb_Realtime!$CD$3/Kerb_Realtime!$CE$3),0) -> 11.562959 | P18: MILANO PESCHIERA | Q18: =IFERROR(VLOOKUP($B18,'BDGT Office'!$C$3:$F$180,3,0),0) -> 43.2 | R18: =Q18/30 -> 1.44 | V18: MILANO PESCHIERA | W18: =(Y18-Z18)+X18 -> 437.18537 | X18: =IFERROR(VLOOKUP($B18,'BDGT MW Services MTD'!$A$3:$AF$174,Interprete_Date!$B$17,0),0) -> 286.61691 | Y18: =Z18*$Y$5 -> 336.86945 | Z18: =X18*Z$5 -> 186.30099 | AA18: =Z18/Screen_Margini!$G$17 -> 10.812594 | AB18: =X18*AB$5 -> 54.457213 | AC18: =X18*AC$5 -> 25.795522 | AD18: =X18*AD$5 -> 20.063184 | AH18: MILANO PESCHIERA | AI18: =IFERROR(VLOOKUP($B18,'FCST Sales'!$A$3:$AG$180,Interprete_Date!$B$17,0),0) -> 29353.396
B19: MILANO SUD | C19: =IFERROR(VLOOKUP($B19,'BDGT McAfee'!$AZ$6:$BD$190,4,0),0) -> 290.18808 | D19: =C19/30 -> 9.672936 | I19: MILANO SUD | J19: =K19*$J$5 -> 3556.4165 | K19: =IFERROR(VLOOKUP($B19,'BDGT Polizze MTD'!$A$3:$AF$175,Interprete_Date!$B$17,0),0) -> 1920.8299 | L19: =IFERROR((AI19*Kerb_Realtime!$CD$3/Kerb_Realtime!$CE$3),0) -> 21.221722 | P19: MILANO SUD | Q19: =IFERROR(VLOOKUP($B19,'BDGT Office'!$C$3:$F$180,3,0),0) -> 31.2 | R19: =Q19/30 -> 1.04 | V19: MILANO SUD | W19: =(Y19-Z19)+X19 -> 615.08732 | X19: =IFERROR(VLOOKUP($B19,'BDGT MW Services MTD'!$A$3:$AF$174,Interprete_Date!$B$17,0),0) -> 403.24869 | Y19: =Z19*$Y$5 -> 473.95028 | Z19: =X19*Z$5 -> 262.11165 | AA19: =Z19/Screen_Margini!$G$17 -> 15.212516 | AB19: =X19*AB$5 -> 76.61725 | AC19: =X19*AC$5 -> 36.292382 | AD19: =X19*AD$5 -> 28.227408 | AH19: MILANO SUD | AI19: =IFERROR(VLOOKUP($B19,'FCST Sales'!$A$3:$AG$180,Interprete_Date!$B$17,0),0) -> 53872.858
... B23: VIGNATE | C23: =IFERROR(VLOOKUP($B23,'BDGT McAfee'!$AZ$6:$BD$190,4,0),0) -> 125.18579 | D23: =C23/30 -> 4.1728596 | I23: VIGNATE | J23: =K23*$J$5 -> 2019.307 | K23: =IFERROR(VLOOKUP($B23,'BDGT Polizze MTD'!$A$3:$AF$175,Interprete_Date!$B$17,0),0) -> 1090.633 | L23: =IFERROR((AI23*Kerb_Realtime!$CD$3/Kerb_Realtime!$CE$3),0) -> 11.606815 | P23: VIGNATE | Q23: =IFERROR(VLOOKUP($B23,'BDGT Office'!$C$3:$F$180,3,0),0) -> 34.8 | R23: =Q23/30 -> 1.16 | V23: VIGNATE | W23: =(Y23-Z23)+X23 -> 385.52907 | X23: =IFERROR(VLOOKUP($B23,'BDGT MW Services MTD'!$A$3:$AF$174,Interprete_Date!$B$17,0),0) -> 252.75125 | Y23: =Z23*$Y$5 -> 297.06613 | Z23: =X23*Z$5 -> 164.28832 | AA23: =Z23/Screen_Margini!$G$17 -> 9.5350154 | AB23: =X23*AB$5 -> 48.022738 | AC23: =X23*AC$5 -> 22.747613 | AD23: =X23*AD$5 -> 17.692588 | AH23: VIGNATE | AI23: =IFERROR(VLOOKUP($B23,'FCST Sales'!$A$3:$AG$180,Interprete_Date!$B$17,0),0) -> 29464.729
B26: TOT Area 2 | C26: =SUM(C28:C51) -> 4765.8627 | D26: =SUM(D28:D51) -> 158.86209 | I26: TOT Area 2 | J26: =SUM(J28:J51) -> 75696.466 | K26: =SUM(K28:K51) -> 40883.86 | L26: =SUM(L28:L51) -> 418.94963 | P26: TOT Area 2 | Q26: =SUM(Q28:Q51) -> 712.8 | R26: =SUM(R28:R51) -> 23.76 | V26: TOT Area 2 | W26: =SUM(W28:W51) -> 16255.69 | X26: =SUM(X28:X51) -> 10657.163 | Y26: =SUM(Y28:Y51) -> 12525.683 | Z26: =SUM(Z28:Z51) -> 6927.1559 | AA26: =SUM(AA28:AA51) -> 402.04039 | AB26: =SUM(AB28:AB51) -> 2024.861 | AC26: =SUM(AC28:AC51) -> 959.14467 | AD26: =SUM(AD28:AD51) -> 746.00141 | AH26: TOT Area 2 | AI26: =SUM(AI28:AI51) -> 1063533.6
B28: BASSANO DEL GRAPPA | C28: =IFERROR(VLOOKUP($B28,'BDGT McAfee'!$AZ$6:$BD$190,4,0),0) -> 185.41669 | D28: =C28/30 -> 6.1805562 | I28: BASSANO DEL GRAPPA | J28: =K28*$J$5 -> 2779.2592 | K28: =IFERROR(VLOOKUP($B28,'BDGT Polizze MTD'!$A$3:$AF$175,Interprete_Date!$B$17,0),0) -> 1501.0852 | L28: =IFERROR((AI28*Kerb_Realtime!$CD$3/Kerb_Realtime!$CE$3),0) -> 16.479668 | P28: BASSANO DEL GRAPPA | Q28: =IFERROR(VLOOKUP($B28,'BDGT Office'!$C$3:$F$180,3,0),0) -> 25.2 | R28: =Q28/30 -> 0.84 | V28: BASSANO DEL GRAPPA | W28: =(Y28-Z28)+X28 -> 643.75362 | X28: =IFERROR(VLOOKUP($B28,'BDGT MW Services MTD'!$A$3:$AF$174,Interprete_Date!$B$17,0),0) -> 422.04219 | Y28: =Z28*$Y$5 -> 496.03885 | Z28: =X28*Z$5 -> 274.32743 | AA28: =Z28/Screen_Margini!$G$17 -> 15.921499 | AB28: =X28*AB$5 -> 80.188017 | AC28: =X28*AC$5 -> 37.983797 | AD28: =X28*AD$5 -> 29.542954 | AH28: BASSANO DEL GRAPPA | AI28: =IFERROR(VLOOKUP($B28,'FCST Sales'!$A$3:$AG$180,Interprete_Date!$B$17,0),0) -> 41834.813
B29: BOLZANO | C29: =IFERROR(VLOOKUP($B29,'BDGT McAfee'!$AZ$6:$BD$190,4,0),0) -> 257.45756 | D29: =C29/30 -> 8.5819188 | I29: BOLZANO | J29: =K29*$J$5 -> 4704.3803 | K29: =IFERROR(VLOOKUP($B29,'BDGT Polizze MTD'!$A$3:$AF$175,Interprete_Date!$B$17,0),0) -> 2540.8481 | L29: =IFERROR((AI29*Kerb_Realtime!$CD$3/Kerb_Realtime!$CE$3),0) -> 24.34241 | P29: BOLZANO | Q29: =IFERROR(VLOOKUP($B29,'BDGT Office'!$C$3:$F$180,3,0),0) -> 38.4 | R29: =Q29/30 -> 1.28 | V29: BOLZANO | W29: =(Y29-Z29)+X29 -> 1012.2566 | X29: =IFERROR(VLOOKUP($B29,'BDGT MW Services MTD'!$A$3:$AF$174,Interprete_Date!$B$17,0),0) -> 663.63121 | Y29: =Z29*$Y$5 -> 779.98567 | Z29: =X29*Z$5 -> 431.36028 | AA29: =Z29/Screen_Margini!$G$17 -> 25.03542 | AB29: =X29*AB$5 -> 126.08993 | AC29: =X29*AC$5 -> 59.726809 | AD29: =X29*AD$5 -> 46.454185 | AH29: BOLZANO | AI29: =IFERROR(VLOOKUP($B29,'FCST Sales'!$A$3:$AG$180,Interprete_Date!$B$17,0),0) -> 61794.945
B30: BRESCIA 1 | C30: =IFERROR(VLOOKUP($B30,'BDGT McAfee'!$AZ$6:$BD$190,4,0),0) -> 363.74738 | D30: =C30/30 -> 12.124913 | I30: BRESCIA 1 | J30: =K30*$J$5 -> 6611.0817 | K30: =IFERROR(VLOOKUP($B30,'BDGT Polizze MTD'!$A$3:$AF$175,Interprete_Date!$B$17,0),0) -> 3570.6626 | L30: =IFERROR((AI30*Kerb_Realtime!$CD$3/Kerb_Realtime!$CE$3),0) -> 31.311223 | P30: BRESCIA 1 | Q30: =IFERROR(VLOOKUP($B30,'BDGT Office'!$C$3:$F$180,3,0),0) -> 57.6 | R30: =Q30/30 -> 1.92 | V30: BRESCIA 1 | W30: =(Y30-Z30)+X30 -> 1210.2277 | X30: =IFERROR(VLOOKUP($B30,'BDGT MW Services MTD'!$A$3:$AF$174,Interprete_Date!$B$17,0),0) -> 793.42027 | Y30: =Z30*$Y$5 -> 932.53065 | Z30: =X30*Z$5 -> 515.72318 | AA30: =Z30/Screen_Margini!$G$17 -> 29.931699 | AB30: =X30*AB$5 -> 150.74985 | AC30: =X30*AC$5 -> 71.407825 | AD30: =X30*AD$5 -> 55.539419 | AH30: BRESCIA 1 | AI30: =IFERROR(VLOOKUP($B30,'FCST Sales'!$A$3:$AG$180,Interprete_Date!$B$17,0),0) -> 79485.776
B31: CONEGLIANO | C31: =IFERROR(VLOOKUP($B31,'BDGT McAfee'!$AZ$6:$BD$190,4,0),0) -> 117.25623 | D31: =C31/30 -> 3.908541 | I31: CONEGLIANO | J31: =K31*$J$5 -> 1785.4719 | K31: =IFERROR(VLOOKUP($B31,'BDGT Polizze MTD'!$A$3:$AF$175,Interprete_Date!$B$17,0),0) -> 964.33806 | L31: =IFERROR((AI31*Kerb_Realtime!$CD$3/Kerb_Realtime!$CE$3),0) -> 10.117498 | P31: CONEGLIANO | Q31: =IFERROR(VLOOKUP($B31,'BDGT Office'!$C$3:$F$180,3,0),0) -> 30 | R31: =Q31/30 -> 1 | V31: CONEGLIANO | W31: =(Y31-Z31)+X31 -> 407.99243 | X31: =IFERROR(VLOOKUP($B31,'BDGT MW Services MTD'!$A$3:$AF$174,Interprete_Date!$B$17,0),0) -> 267.47814 | Y31: =Z31*$Y$5 -> 314.37508 | Z31: =X31*Z$5 -> 173.86079 | AA31: =Z31/Screen_Margini!$G$17 -> 10.090586 | AB31: =X31*AB$5 -> 50.820847 | AC31: =X31*AC$5 -> 24.073033 | AD31: =X31*AD$5 -> 18.72347 | AH31: CONEGLIANO | AI31: =IFERROR(VLOOKUP($B31,'FCST Sales'!$A$3:$AG$180,Interprete_Date!$B$17,0),0) -> 25683.992
B32: CREMONA | C32: =IFERROR(VLOOKUP($B32,'BDGT McAfee'!$AZ$6:$BD$190,4,0),0) -> 135.98348 | D32: =C32/30 -> 4.5327828 | I32: CREMONA | J32: =K32*$J$5 -> 2321.9043 | K32: =IFERROR(VLOOKUP($B32,'BDGT Polizze MTD'!$A$3:$AF$175,Interprete_Date!$B$17,0),0) -> 1254.0666 | L32: =IFERROR((AI32*Kerb_Realtime!$CD$3/Kerb_Realtime!$CE$3),0) -> 12.554882 | P32: CREMONA | Q32: =IFERROR(VLOOKUP($B32,'BDGT Office'!$C$3:$F$180,3,0),0) -> 15.6 | R32: =Q32/30 -> 0.52 | V32: CREMONA | W32: =(Y32-Z32)+X32 -> 465.85167 | X32: =IFERROR(VLOOKUP($B32,'BDGT MW Services MTD'!$A$3:$AF$174,Interprete_Date!$B$17,0),0) -> 305.41042 | Y32: =Z32*$Y$5 -> 358.95803 | Z32: =X32*Z$5 -> 198.51677 | AA32: =Z32/Screen_Margini!$G$17 -> 11.521577 | AB32: =X32*AB$5 -> 58.02798 | AC32: =X32*AC$5 -> 27.486938 | AD32: =X32*AD$5 -> 21.378729 | AH32: CREMONA | AI32: =IFERROR(VLOOKUP($B32,'FCST Sales'!$A$3:$AG$180,Interprete_Date!$B$17,0),0) -> 31871.466
B33: ERBUSCO | C33: =IFERROR(VLOOKUP($B33,'BDGT McAfee'!$AZ$6:$BD$190,4,0),0) -> 194.18981 | D33: =C33/30 -> 6.4729938 | I33: ERBUSCO | J33: =K33*$J$5 -> 2348.0149 | K33: =IFERROR(VLOOKUP($B33,'BDGT Polizze MTD'!$A$3:$AF$175,Interprete_Date!$B$17,0),0) -> 1268.169 | L33: =IFERROR((AI33*Kerb_Realtime!$CD$3/Kerb_Realtime!$CE$3),0) -> 14.010995 | P33: ERBUSCO | Q33: =IFERROR(VLOOKUP($B33,'BDGT Office'!$C$3:$F$180,3,0),0) -> 15.6 | R33: =Q33/30 -> 0.52 | V33: ERBUSCO | W33: =(Y33-Z33)+X33 -> 423.72902 | X33: =IFERROR(VLOOKUP($B33,'BDGT MW Services MTD'!$A$3:$AF$174,Interprete_Date!$B$17,0),0) -> 277.79498 | Y33: =Z33*$Y$5 -> 326.50078 | Z33: =X33*Z$5 -> 180.56674 | AA33: =Z33/Screen_Margini!$G$17 -> 10.479787 | AB33: =X33*AB$5 -> 52.781046 | AC33: =X33*AC$5 -> 25.001548 | AD33: =X33*AD$5 -> 19.445649 | AH33: ERBUSCO | AI33: =IFERROR(VLOOKUP($B33,'FCST Sales'!$A$3:$AG$180,Interprete_Date!$B$17,0),0) -> 35567.911
B34: MANTOVA | C34: =IFERROR(VLOOKUP($B34,'BDGT McAfee'!$AZ$6:$BD$190,4,0),0) -> 178.83684 | D34: =C34/30 -> 5.961228 | I34: MANTOVA | J34: =K34*$J$5 -> 2513.8924 | K34: =IFERROR(VLOOKUP($B34,'BDGT Polizze MTD'!$A$3:$AF$175,Interprete_Date!$B$17,0),0) -> 1357.7599 | L34: =IFERROR((AI34*Kerb_Realtime!$CD$3/Kerb_Realtime!$CE$3),0) -> 15.000816 | P34: MANTOVA | Q34: =IFERROR(VLOOKUP($B34,'BDGT Office'!$C$3:$F$180,3,0),0) -> 22.8 | R34: =Q34/30 -> 0.76 | V34: MANTOVA | W34: =(Y34-Z34)+X34 -> 589.81709 | X34: =IFERROR(VLOOKUP($B34,'BDGT MW Services MTD'!$A$3:$AF$174,Interprete_Date!$B$17,0),0) -> 386.68163 | Y34: =Z34*$Y$5 -> 454.47852 | Z34: =X34*Z$5 -> 251.34306 | AA34: =Z34/Screen_Margini!$G$17 -> 14.587525 | AB34: =X34*AB$5 -> 73.469509 | AC34: =X34*AC$5 -> 34.801346 | AD34: =X34*AD$5 -> 27.067714 | AH34: MANTOVA | AI34: =IFERROR(VLOOKUP($B34,'FCST Sales'!$A$3:$AG$180,Interprete_Date!$B$17,0),0) -> 38080.642
B35: MARGHERA | C35: =IFERROR(VLOOKUP($B35,'BDGT McAfee'!$AZ$6:$BD$190,4,0),0) -> 232.65661 | D35: =C35/30 -> 7.7552202 | I35: MARGHERA | J35: =K35*$J$5 -> 2795.8741 | K35: =IFERROR(VLOOKUP($B35,'BDGT Polizze MTD'!$A$3:$AF$175,Interprete_Date!$B$17,0),0) -> 1510.0589 | L35: =IFERROR((AI35*Kerb_Realtime!$CD$3/Kerb_Realtime!$CE$3),0) -> 16.578183 | P35: MARGHERA | Q35: =IFERROR(VLOOKUP($B35,'BDGT Office'!$C$3:$F$180,3,0),0) -> 18 | R35: =Q35/30 -> 0.6 | V35: MARGHERA | W35: =(Y35-Z35)+X35 -> 643.46322 | X35: =IFERROR(VLOOKUP($B35,'BDGT MW Services MTD'!$A$3:$AF$174,Interprete_Date!$B$17,0),0) -> 421.85181 | Y35: =Z35*$Y$5 -> 495.81509 | Z35: =X35*Z$5 -> 274.20368 | AA35: =Z35/Screen_Margini!$G$17 -> 15.914317 | AB35: =X35*AB$5 -> 80.151844 | AC35: =X35*AC$5 -> 37.966663 | AD35: =X35*AD$5 -> 29.529627 | AH35: MARGHERA | AI35: =IFERROR(VLOOKUP($B35,'FCST Sales'!$A$3:$AG$180,Interprete_Date!$B$17,0),0) -> 42084.903
B36: MERANO | C36: =IFERROR(VLOOKUP($B36,'BDGT McAfee'!$AZ$6:$BD$190,4,0),0) -> 85.369284 | D36: =C36/30 -> 2.8456428 | I36: MERANO | J36: =K36*$J$5 -> 1084.2384 | K36: =IFERROR(VLOOKUP($B36,'BDGT Polizze MTD'!$A$3:$AF$175,Interprete_Date!$B$17,0),0) -> 585.59999 | L36: =IFERROR((AI36*Kerb_Realtime!$CD$3/Kerb_Realtime!$CE$3),0) -> 6.4290133 | P36: MERANO | Q36: =IFERROR(VLOOKUP($B36,'BDGT Office'!$C$3:$F$180,3,0),0) -> 3.6 | R36: =Q36/30 -> 0.12 | V36: MERANO | W36: =(Y36-Z36)+X36 -> 267.35388 | X36: =IFERROR(VLOOKUP($B36,'BDGT MW Services MTD'!$A$3:$AF$174,Interprete_Date!$B$17,0),0) -> 175.27609 | Y36: =Z36*$Y$5 -> 206.00725 | Z36: =X36*Z$5 -> 113.92946 | AA36: =Z36/Screen_Margini!$G$17 -> 6.6122727 | AB36: =X36*AB$5 -> 33.302457 | AC36: =X36*AC$5 -> 15.774848 | AD36: =X36*AD$5 -> 12.269326 | AH36: MERANO | AI36: =IFERROR(VLOOKUP($B36,'FCST Sales'!$A$3:$AG$180,Interprete_Date!$B$17,0),0) -> 16320.509
B37: MESTRE | C37: =IFERROR(VLOOKUP($B37,'BDGT McAfee'!$AZ$6:$BD$190,4,0),0) -> 184.4044 | D37: =C37/30 -> 6.1468134 | I37: MESTRE | J37: =K37*$J$5 -> 2904.4483 | K37: =IFERROR(VLOOKUP($B37,'BDGT Polizze MTD'!$A$3:$AF$175,Interprete_Date!$B$17,0),0) -> 1568.7001 | L37: =IFERROR((AI37*Kerb_Realtime!$CD$3/Kerb_Realtime!$CE$3),0) -> 17.405999 | P37: MESTRE | Q37: =IFERROR(VLOOKUP($B37,'BDGT Office'!$C$3:$F$180,3,0),0) -> 39.6 | R37: =Q37/30 -> 1.32 | V37: MESTRE | W37: =(Y37-Z37)+X37 -> 716.17945 | X37: =IFERROR(VLOOKUP($B37,'BDGT MW Services MTD'!$A$3:$AF$174,Interprete_Date!$B$17,0),0) -> 469.52427 | Y37: =Z37*$Y$5 -> 551.84596 | Z37: =X37*Z$5 -> 305.19077 | AA37: =Z37/Screen_Margini!$G$17 -> 17.712755 | AB37: =X37*AB$5 -> 89.209611 | AC37: =X37*AC$5 -> 42.257184 | AD37: =X37*AD$5 -> 32.866699 | AH37: MESTRE | AI37: =IFERROR(VLOOKUP($B37,'FCST Sales'!$A$3:$AG$180,Interprete_Date!$B$17,0),0) -> 44186.372
B38: PADOVA 1 | C38: =IFERROR(VLOOKUP($B38,'BDGT McAfee'!$AZ$6:$BD$190,4,0),0) -> 307.56562 | D38: =C38/30 -> 10.252187 | I38: PADOVA 1 | J38: =K38*$J$5 -> 4933.4931 | K38: =IFERROR(VLOOKUP($B38,'BDGT Polizze MTD'!$A$3:$AF$175,Interprete_Date!$B$17,0),0) -> 2664.5926 | L38: =IFERROR((AI38*Kerb_Realtime!$CD$3/Kerb_Realtime!$CE$3),0) -> 29.753532 | P38: PADOVA 1 | Q38: =IFERROR(VLOOKUP($B38,'BDGT Office'!$C$3:$F$180,3,0),0) -> 49.2 | R38: =Q38/30 -> 1.64 | V38: PADOVA 1 | W38: =(Y38-Z38)+X38 -> 1187.1182 | X38: =IFERROR(VLOOKUP($B38,'BDGT MW Services MTD'!$A$3:$AF$174,Interprete_Date!$B$17,0),0) -> 778.26977 | Y38: =Z38*$Y$5 -> 914.72381 | Z38: =X38*Z$5 -> 505.87535 | AA38: =Z38/Screen_Margini!$G$17 -> 29.360148 | AB38: =X38*AB$5 -> 147.87126 | AC38: =X38*AC$5 -> 70.044279 | AD38: =X38*AD$5 -> 54.478884 | AH38: PADOVA 1 | AI38: =IFERROR(VLOOKUP($B38,'FCST Sales'!$A$3:$AG$180,Interprete_Date!$B$17,0),0) -> 75531.466
B39: PADOVA 2 | C39: =IFERROR(VLOOKUP($B39,'BDGT McAfee'!$AZ$6:$BD$190,4,0),0) -> 166.352 | D39: =C39/30 -> 5.5450668 | I39: PADOVA 2 | J39: =K39*$J$5 -> 2556.9434 | K39: =IFERROR(VLOOKUP($B39,'BDGT Polizze MTD'!$A$3:$AF$175,Interprete_Date!$B$17,0),0) -> 1381.0118 | L39: =IFERROR((AI39*Kerb_Realtime!$CD$3/Kerb_Realtime!$CE$3),0) -> 14.73792 | P39: PADOVA 2 | Q39: =IFERROR(VLOOKUP($B39,'BDGT Office'!$C$3:$F$180,3,0),0) -> 37.2 | R39: =Q39/30 -> 1.24 | V39: PADOVA 2 | W39: =(Y39-Z39)+X39 -> 612.86405 | X39: =IFERROR(VLOOKUP($B39,'BDGT MW Services MTD'!$A$3:$AF$174,Interprete_Date!$B$17,0),0) -> 401.79112 | Y39: =Z39*$Y$5 -> 472.23716 | Z39: =X39*Z$5 -> 261.16423 | AA39: =Z39/Screen_Margini!$G$17 -> 15.157529 | AB39: =X39*AB$5 -> 76.340312 | AC39: =X39*AC$5 -> 36.161201 | AD39: =X39*AD$5 -> 28.125378 | AH39: PADOVA 2 | AI39: =IFERROR(VLOOKUP($B39,'FCST Sales'!$A$3:$AG$180,Interprete_Date!$B$17,0),0) -> 37413.263
... B51: VILLESSE | C51: =IFERROR(VLOOKUP($B51,'BDGT McAfee'!$AZ$6:$BD$190,4,0),0) -> 163.82129 | D51: =C51/30 -> 5.4607098 | I51: VILLESSE | J51: =K51*$J$5 -> 2601.7403 | K51: =IFERROR(VLOOKUP($B51,'BDGT Polizze MTD'!$A$3:$AF$175,Interprete_Date!$B$17,0),0) -> 1405.2068 | L51: =IFERROR((AI51*Kerb_Realtime!$CD$3/Kerb_Realtime!$CE$3),0) -> 15.427065 | P51: VILLESSE | Q51: =IFERROR(VLOOKUP($B51,'BDGT Office'!$C$3:$F$180,3,0),0) -> 26.4 | R51: =Q51/30 -> 0.88 | V51: VILLESSE | W51: =(Y51-Z51)+X51 -> 602.68704 | X51: =IFERROR(VLOOKUP($B51,'BDGT MW Services MTD'!$A$3:$AF$174,Interprete_Date!$B$17,0),0) -> 395.11912 | Y51: =Z51*$Y$5 -> 464.39535 | Z51: =X51*Z$5 -> 256.82743 | AA51: =Z51/Screen_Margini!$G$17 -> 14.905829 | AB51: =X51*AB$5 -> 75.072632 | AC51: =X51*AC$5 -> 35.56072 | AD51: =X51*AD$5 -> 27.658338 | AH51: VILLESSE | AI51: =IFERROR(VLOOKUP($B51,'FCST Sales'!$A$3:$AG$180,Interprete_Date!$B$17,0),0) -> 39162.705
B54: TOT Area 3 | C54: =SUM(C56:C79) -> 4496.2658 | D54: =SUM(D56:D79) -> 149.87553 | I54: TOT Area 3 | J54: =SUM(J56:J79) -> 72151.064 | K54: =SUM(K56:K79) -> 38968.979 | L54: =SUM(L56:L79) -> 412.71583 | P54: TOT Area 3 | Q54: =SUM(Q56:Q79) -> 777.6 | R54: =SUM(R56:R79) -> 25.92 | V54: TOT Area 3 | W54: =SUM(W56:W79) -> 15424.913 | X54: =SUM(X56:X79) -> 10112.509 | Y54: =SUM(Y56:Y79) -> 11885.535 | Z54: =SUM(Z56:Z79) -> 6573.1307 | AA54: =SUM(AA56:AA79) -> 381.49336 | AB54: =SUM(AB56:AB79) -> 1921.3767 | AC54: =SUM(AC56:AC79) -> 910.12578 | AD54: =SUM(AD56:AD79) -> 707.87561 | AH54: TOT Area 3 | AI54: =SUM(AI56:AI79) -> 1047708.6
B56: ALESSANDRIA | C56: =IFERROR(VLOOKUP($B56,'BDGT McAfee'!$AZ$6:$BD$190,4,0),0) -> 205.15622 | D56: =C56/30 -> 6.8385408 | I56: ALESSANDRIA | J56: =K56*$J$5 -> 3056.2014 | K56: =IFERROR(VLOOKUP($B56,'BDGT Polizze MTD'!$A$3:$AF$175,Interprete_Date!$B$17,0),0) -> 1650.6624 | L56: =IFERROR((AI56*Kerb_Realtime!$CD$3/Kerb_Realtime!$CE$3),0) -> 16.994951 | P56: ALESSANDRIA | Q56: =IFERROR(VLOOKUP($B56,'BDGT Office'!$C$3:$F$180,3,0),0) -> 38.4 | R56: =Q56/30 -> 1.28 | V56: ALESSANDRIA | W56: =(Y56-Z56)+X56 -> 574.42786 | X56: =IFERROR(VLOOKUP($B56,'BDGT MW Services MTD'!$A$3:$AF$174,Interprete_Date!$B$17,0),0) -> 376.59251 | Y56: =Z56*$Y$5 -> 442.62048 | Z56: =X56*Z$5 -> 244.78513 | AA56: =Z56/Screen_Margini!$G$17 -> 14.206914 | AB56: =X56*AB$5 -> 71.552578 | AC56: =X56*AC$5 -> 33.893326 | AD56: =X56*AD$5 -> 26.361476 | AH56: ALESSANDRIA | AI56: =IFERROR(VLOOKUP($B56,'FCST Sales'!$A$3:$AG$180,Interprete_Date!$B$17,0),0) -> 43142.896
B57: ASTI | C57: =IFERROR(VLOOKUP($B57,'BDGT McAfee'!$AZ$6:$BD$190,4,0),0) -> 129.06621 | D57: =C57/30 -> 4.302207 | I57: ASTI | J57: =K57*$J$5 -> 1910.5777 | K57: =IFERROR(VLOOKUP($B57,'BDGT Polizze MTD'!$A$3:$AF$175,Interprete_Date!$B$17,0),0) -> 1031.908 | L57: =IFERROR((AI57*Kerb_Realtime!$CD$3/Kerb_Realtime!$CE$3),0) -> 11.449858 | P57: ASTI | Q57: =IFERROR(VLOOKUP($B57,'BDGT Office'!$C$3:$F$180,3,0),0) -> 21.6 | R57: =Q57/30 -> 0.72 | V57: ASTI | W57: =(Y57-Z57)+X57 -> 418.28896 | X57: =IFERROR(VLOOKUP($B57,'BDGT MW Services MTD'!$A$3:$AF$174,Interprete_Date!$B$17,0),0) -> 274.2285 | Y57: =Z57*$Y$5 -> 322.30898 | Z57: =X57*Z$5 -> 178.24852 | AA57: =Z57/Screen_Margini!$G$17 -> 10.345242 | AB57: =X57*AB$5 -> 52.103415 | AC57: =X57*AC$5 -> 24.680565 | AD57: =X57*AD$5 -> 19.195995 | AH57: ASTI | AI57: =IFERROR(VLOOKUP($B57,'FCST Sales'!$A$3:$AG$180,Interprete_Date!$B$17,0),0) -> 29066.282
B58: CANTU CORE | C58: =IFERROR(VLOOKUP($B58,'BDGT McAfee'!$AZ$6:$BD$190,4,0),0) -> 120.96794 | D58: =C58/30 -> 4.0322646 | I58: CANTU CORE | J58: =K58*$J$5 -> 2072.8318 | K58: =IFERROR(VLOOKUP($B58,'BDGT Polizze MTD'!$A$3:$AF$175,Interprete_Date!$B$17,0),0) -> 1119.5419 | L58: =IFERROR((AI58*Kerb_Realtime!$CD$3/Kerb_Realtime!$CE$3),0) -> 13.205389 | P58: CANTU CORE | Q58: =IFERROR(VLOOKUP($B58,'BDGT Office'!$C$3:$F$180,3,0),0) -> 8.4 | R58: =Q58/30 -> 0.28 | V58: CANTU CORE | W58: =(Y58-Z58)+X58 -> 552.61317 | X58: =IFERROR(VLOOKUP($B58,'BDGT MW Services MTD'!$A$3:$AF$174,Interprete_Date!$B$17,0),0) -> 362.29089 | Y58: =Z58*$Y$5 -> 425.81136 | Z58: =X58*Z$5 -> 235.48908 | AA58: =Z58/Screen_Margini!$G$17 -> 13.667387 | AB58: =X58*AB$5 -> 68.83527 | AC58: =X58*AC$5 -> 32.60618 | AD58: =X58*AD$5 -> 25.360362 | AH58: CANTU CORE | AI58: =IFERROR(VLOOKUP($B58,'FCST Sales'!$A$3:$AG$180,Interprete_Date!$B$17,0),0) -> 33522.824
B59: CASTELLETTO TICINO | C59: =IFERROR(VLOOKUP($B59,'BDGT McAfee'!$AZ$6:$BD$190,4,0),0) -> 151.33646 | D59: =C59/30 -> 5.0445486 | I59: CASTELLETTO TICINO | J59: =K59*$J$5 -> 2740.3595 | K59: =IFERROR(VLOOKUP($B59,'BDGT Polizze MTD'!$A$3:$AF$175,Interprete_Date!$B$17,0),0) -> 1480.0753 | L59: =IFERROR((AI59*Kerb_Realtime!$CD$3/Kerb_Realtime!$CE$3),0) -> 16.422636 | P59: CASTELLETTO TICINO | Q59: =IFERROR(VLOOKUP($B59,'BDGT Office'!$C$3:$F$180,3,0),0) -> 31.2 | R59: =Q59/30 -> 1.04 | V59: CASTELLETTO TICINO | W59: =(Y59-Z59)+X59 -> 491.41511 | X59: =IFERROR(VLOOKUP($B59,'BDGT MW Services MTD'!$A$3:$AF$174,Interprete_Date!$B$17,0),0) -> 322.1697 | Y59: =Z59*$Y$5 -> 378.65571 | Z59: =X59*Z$5 -> 209.4103 | AA59: =Z59/Screen_Margini!$G$17 -> 12.153819 | AB59: =X59*AB$5 -> 61.212243 | AC59: =X59*AC$5 -> 28.995273 | AD59: =X59*AD$5 -> 22.551879 | AH59: CASTELLETTO TICINO | AI59: =IFERROR(VLOOKUP($B59,'FCST Sales'!$A$3:$AG$180,Interprete_Date!$B$17,0),0) -> 41690.034
B60: CHIVASSO | C60: =IFERROR(VLOOKUP($B60,'BDGT McAfee'!$AZ$6:$BD$190,4,0),0) -> 120.4618 | D60: =C60/30 -> 4.0153932 | I60: CHIVASSO | J60: =K60*$J$5 -> 1935.4375 | K60: =IFERROR(VLOOKUP($B60,'BDGT Polizze MTD'!$A$3:$AF$175,Interprete_Date!$B$17,0),0) -> 1045.3349 | L60: =IFERROR((AI60*Kerb_Realtime!$CD$3/Kerb_Realtime!$CE$3),0) -> 10.220415 | P60: CHIVASSO | Q60: =IFERROR(VLOOKUP($B60,'BDGT Office'!$C$3:$F$180,3,0),0) -> 12 | R60: =Q60/30 -> 0.4 | V60: CHIVASSO | W60: =(Y60-Z60)+X60 -> 425.01573 | X60: =IFERROR(VLOOKUP($B60,'BDGT MW Services MTD'!$A$3:$AF$174,Interprete_Date!$B$17,0),0) -> 278.63855 | Y60: =Z60*$Y$5 -> 327.49224 | Z60: =X60*Z$5 -> 181.11506 | AA60: =Z60/Screen_Margini!$G$17 -> 10.511611 | AB60: =X60*AB$5 -> 52.941324 | AC60: =X60*AC$5 -> 25.077469 | AD60: =X60*AD$5 -> 19.504698 | AH60: CHIVASSO | AI60: =IFERROR(VLOOKUP($B60,'FCST Sales'!$A$3:$AG$180,Interprete_Date!$B$17,0),0) -> 25945.254
B61: COMO XPRESS | C61: =IFERROR(VLOOKUP($B61,'BDGT McAfee'!$AZ$6:$BD$190,4,0),0) -> 113.54452 | D61: =C61/30 -> 3.7848174 | I61: COMO XPRESS | J61: =K61*$J$5 -> 2490.1735 | K61: =IFERROR(VLOOKUP($B61,'BDGT Polizze MTD'!$A$3:$AF$175,Interprete_Date!$B$17,0),0) -> 1344.9493 | L61: =IFERROR((AI61*Kerb_Realtime!$CD$3/Kerb_Realtime!$CE$3),0) -> 12.476423 | P61: COMO XPRESS | Q61: =IFERROR(VLOOKUP($B61,'BDGT Office'!$C$3:$F$180,3,0),0) -> 18 | R61: =Q61/30 -> 0.6 | V61: COMO XPRESS | W61: =(Y61-Z61)+X61 -> 497.79172 | X61: =IFERROR(VLOOKUP($B61,'BDGT MW Services MTD'!$A$3:$AF$174,Interprete_Date!$B$17,0),0) -> 326.35018 | Y61: =Z61*$Y$5 -> 383.56916 | Z61: =X61*Z$5 -> 212.12762 | AA61: =Z61/Screen_Margini!$G$17 -> 12.311527 | AB61: =X61*AB$5 -> 62.006535 | AC61: =X61*AC$5 -> 29.371516 | AD61: =X61*AD$5 -> 22.844513 | AH61: COMO XPRESS | AI61: =IFERROR(VLOOKUP($B61,'FCST Sales'!$A$3:$AG$180,Interprete_Date!$B$17,0),0) -> 31672.292
B62: GALLARATE | C62: =IFERROR(VLOOKUP($B62,'BDGT McAfee'!$AZ$6:$BD$190,4,0),0) -> 255.433 | D62: =C62/30 -> 8.5144332 | I62: GALLARATE | J62: =K62*$J$5 -> 4410.8868 | K62: =IFERROR(VLOOKUP($B62,'BDGT Polizze MTD'!$A$3:$AF$175,Interprete_Date!$B$17,0),0) -> 2382.3315 | L62: =IFERROR((AI62*Kerb_Realtime!$CD$3/Kerb_Realtime!$CE$3),0) -> 26.433898 | P62: GALLARATE | Q62: =IFERROR(VLOOKUP($B62,'BDGT Office'!$C$3:$F$180,3,0),0) -> 56.4 | R62: =Q62/30 -> 1.88 | V62: GALLARATE | W62: =(Y62-Z62)+X62 -> 955.97726 | X62: =IFERROR(VLOOKUP($B62,'BDGT MW Services MTD'!$A$3:$AF$174,Interprete_Date!$B$17,0),0) -> 626.73472 | Y62: =Z62*$Y$5 -> 736.62011 | Z62: =X62*Z$5 -> 407.37756 | AA62: =Z62/Screen_Margini!$G$17 -> 23.643503 | AB62: =X62*AB$5 -> 119.0796 | AC62: =X62*AC$5 -> 56.406124 | AD62: =X62*AD$5 -> 43.87143 | AH62: GALLARATE | AI62: =IFERROR(VLOOKUP($B62,'FCST Sales'!$A$3:$AG$180,Interprete_Date!$B$17,0),0) -> 67104.339
B63: GENOVA | C63: =IFERROR(VLOOKUP($B63,'BDGT McAfee'!$AZ$6:$BD$190,4,0),0) -> 434.60726 | D63: =C63/30 -> 14.486909 | I63: GENOVA | J63: =K63*$J$5 -> 6499.6079 | K63: =IFERROR(VLOOKUP($B63,'BDGT Polizze MTD'!$A$3:$AF$175,Interprete_Date!$B$17,0),0) -> 3510.4552 | L63: =IFERROR((AI63*Kerb_Realtime!$CD$3/Kerb_Realtime!$CE$3),0) -> 34.697716 | P63: GENOVA | Q63: =IFERROR(VLOOKUP($B63,'BDGT Office'!$C$3:$F$180,3,0),0) -> 63.6 | R63: =Q63/30 -> 2.12 | V63: GENOVA | W63: =(Y63-Z63)+X63 -> 1355.4893 | X63: =IFERROR(VLOOKUP($B63,'BDGT MW Services MTD'!$A$3:$AF$174,Interprete_Date!$B$17,0),0) -> 888.65316 | Y63: =Z63*$Y$5 -> 1044.4607 | Z63: =X63*Z$5 -> 577.62455 | AA63: =Z63/Screen_Margini!$G$17 -> 33.52435 | AB63: =X63*AB$5 -> 168.8441 | AC63: =X63*AC$5 -> 79.978784 | AD63: =X63*AD$5 -> 62.205721 | AH63: GENOVA | AI63: =IFERROR(VLOOKUP($B63,'FCST Sales'!$A$3:$AG$180,Interprete_Date!$B$17,0),0) -> 88082.631
B64: LA SPEZIA | C64: =IFERROR(VLOOKUP($B64,'BDGT McAfee'!$AZ$6:$BD$190,4,0),0) -> 216.29135 | D64: =C64/30 -> 7.2097116 | I64: LA SPEZIA | J64: =K64*$J$5 -> 2511.2057 | K64: =IFERROR(VLOOKUP($B64,'BDGT Polizze MTD'!$A$3:$AF$175,Interprete_Date!$B$17,0),0) -> 1356.3088 | L64: =IFERROR((AI64*Kerb_Realtime!$CD$3/Kerb_Realtime!$CE$3),0) -> 14.984781 | P64: LA SPEZIA | Q64: =IFERROR(VLOOKUP($B64,'BDGT Office'!$C$3:$F$180,3,0),0) -> 15.6 | R64: =Q64/30 -> 0.52 | V64: LA SPEZIA | W64: =(Y64-Z64)+X64 -> 623.10081 | X64: =IFERROR(VLOOKUP($B64,'BDGT MW Services MTD'!$A$3:$AF$174,Interprete_Date!$B$17,0),0) -> 408.5023 | Y64: =Z64*$Y$5 -> 480.12501 | Z64: =X64*Z$5 -> 265.52649 | AA64: =Z64/Screen_Margini!$G$17 -> 15.410708 | AB64: =X64*AB$5 -> 77.615437 | AC64: =X64*AC$5 -> 36.765207 | AD64: =X64*AD$5 -> 28.595161 | AH64: LA SPEZIA | AI64: =IFERROR(VLOOKUP($B64,'FCST Sales'!$A$3:$AG$180,Interprete_Date!$B$17,0),0) -> 38039.936
B65: LECCO | C65: =IFERROR(VLOOKUP($B65,'BDGT McAfee'!$AZ$6:$BD$190,4,0),0) -> 189.29711 | D65: =C65/30 -> 6.3099036 | I65: LECCO | J65: =K65*$J$5 -> 3586.6599 | K65: =IFERROR(VLOOKUP($B65,'BDGT Polizze MTD'!$A$3:$AF$175,Interprete_Date!$B$17,0),0) -> 1937.1644 | L65: =IFERROR((AI65*Kerb_Realtime!$CD$3/Kerb_Realtime!$CE$3),0) -> 21.494411 | P65: LECCO | Q65: =IFERROR(VLOOKUP($B65,'BDGT Office'!$C$3:$F$180,3,0),0) -> 37.2 | R65: =Q65/30 -> 1.24 | V65: LECCO | W65: =(Y65-Z65)+X65 -> 727.93917 | X65: =IFERROR(VLOOKUP($B65,'BDGT MW Services MTD'!$A$3:$AF$174,Interprete_Date!$B$17,0),0) -> 477.23389 | Y65: =Z65*$Y$5 -> 560.90731 | Z65: =X65*Z$5 -> 310.20203 | AA65: =Z65/Screen_Margini!$G$17 -> 18.0036 | AB65: =X65*AB$5 -> 90.674439 | AC65: =X65*AC$5 -> 42.95105 | AD65: =X65*AD$5 -> 33.406372 | AH65: LECCO | AI65: =IFERROR(VLOOKUP($B65,'FCST Sales'!$A$3:$AG$180,Interprete_Date!$B$17,0),0) -> 54565.098
B66: LIMBIATE | C66: =IFERROR(VLOOKUP($B66,'BDGT McAfee'!$AZ$6:$BD$190,4,0),0) -> 185.5854 | D66: =C66/30 -> 6.18618 | I66: LIMBIATE | J66: =K66*$J$5 -> 2445.5836 | K66: =IFERROR(VLOOKUP($B66,'BDGT Polizze MTD'!$A$3:$AF$175,Interprete_Date!$B$17,0),0) -> 1320.8661 | L66: =IFERROR((AI66*Kerb_Realtime!$CD$3/Kerb_Realtime!$CE$3),0) -> 14.593203 | P66: LIMBIATE | Q66: =IFERROR(VLOOKUP($B66,'BDGT Office'!$C$3:$F$180,3,0),0) -> 39.6 | R66: =Q66/30 -> 1.32 | V66: LIMBIATE | W66: =(Y66-Z66)+X66 -> 422.96894 | X66: =IFERROR(VLOOKUP($B66,'BDGT MW Services MTD'!$A$3:$AF$174,Interprete_Date!$B$17,0),0) -> 277.29668 | Y66: =Z66*$Y$5 -> 325.9151 | Z66: =X66*Z$5 -> 180.24284 | AA66: =Z66/Screen_Margini!$G$17 -> 10.460989 | AB66: =X66*AB$5 -> 52.686369 | AC66: =X66*AC$5 -> 24.956701 | AD66: =X66*AD$5 -> 19.410767 | AH66: LIMBIATE | AI66: =IFERROR(VLOOKUP($B66,'FCST Sales'!$A$3:$AG$180,Interprete_Date!$B$17,0),0) -> 37045.887
B67: LODI | C67: =IFERROR(VLOOKUP($B67,'BDGT McAfee'!$AZ$6:$BD$190,4,0),0) -> 221.52148 | D67: =C67/30 -> 7.3840494 | I67: LODI | J67: =K67*$J$5 -> 3477.6962 | K67: =IFERROR(VLOOKUP($B67,'BDGT Polizze MTD'!$A$3:$AF$175,Interprete_Date!$B$17,0),0) -> 1878.3128 | L67: =IFERROR((AI67*Kerb_Realtime!$CD$3/Kerb_Realtime!$CE$3),0) -> 20.510475 | P67: LODI | Q67: =IFERROR(VLOOKUP($B67,'BDGT Office'!$C$3:$F$180,3,0),0) -> 39.6 | R67: =Q67/30 -> 1.32 | V67: LODI | W67: =(Y67-Z67)+X67 -> 818.32206 | X67: =IFERROR(VLOOKUP($B67,'BDGT MW Services MTD'!$A$3:$AF$174,Interprete_Date!$B$17,0),0) -> 536.48854 | Y67: =Z67*$Y$5 -> 630.55107 | Z67: =X67*Z$5 -> 348.71755 | AA67: =Z67/Screen_Margini!$G$17 -> 20.238976 | AB67: =X67*AB$5 -> 101.93282 | AC67: =X67*AC$5 -> 48.283968 | AD67: =X67*AD$5 -> 37.554197 | AH67: LODI | AI67: =IFERROR(VLOOKUP($B67,'FCST Sales'!$A$3:$AG$180,Interprete_Date!$B$17,0),0) -> 52067.307
... B79: VITTUONE | C79: =IFERROR(VLOOKUP($B79,'BDGT McAfee'!$AZ$6:$BD$190,4,0),0) -> 200.0948 | D79: =C79/30 -> 6.6698268 | I79: VITTUONE | J79: =K79*$J$5 -> 3151.2336 | K79: =IFERROR(VLOOKUP($B79,'BDGT Polizze MTD'!$A$3:$AF$175,Interprete_Date!$B$17,0),0) -> 1701.9895 | L79: =IFERROR((AI79*Kerb_Realtime!$CD$3/Kerb_Realtime!$CE$3),0) -> 18.267248 | P79: VITTUONE | Q79: =IFERROR(VLOOKUP($B79,'BDGT Office'!$C$3:$F$180,3,0),0) -> 42 | R79: =Q79/30 -> 1.4 | V79: VITTUONE | W79: =(Y79-Z79)+X79 -> 670.48985 | X79: =IFERROR(VLOOKUP($B79,'BDGT MW Services MTD'!$A$3:$AF$174,Interprete_Date!$B$17,0),0) -> 439.57035 | Y79: =Z79*$Y$5 -> 516.64022 | Z79: =X79*Z$5 -> 285.72073 | AA79: =Z79/Screen_Margini!$G$17 -> 16.582747 | AB79: =X79*AB$5 -> 83.518367 | AC79: =X79*AC$5 -> 39.561332 | AD79: =X79*AD$5 -> 30.769925 | AH79: VITTUONE | AI79: =IFERROR(VLOOKUP($B79,'FCST Sales'!$A$3:$AG$180,Interprete_Date!$B$17,0),0) -> 46372.714
B82: TOT Area 4 | C82: =SUM(C84:C104) -> 3307.1176 | D82: =SUM(D84:D104) -> 110.23725 | I82: TOT Area 4 | J82: =SUM(J84:J104) -> 49436.215 | K82: =SUM(K84:K104) -> 26700.629 | L82: =SUM(L84:L104) -> 285.26408 | P82: TOT Area 4 | Q82: =SUM(Q84:Q104) -> 481.2 | R82: =SUM(R84:R104) -> 16.04 | V82: TOT Area 4 | W82: =SUM(W84:W104) -> 11220.608 | X82: =SUM(X84:X104) -> 7356.1836 | Y82: =SUM(Y84:Y104) -> 8645.9433 | Z82: =SUM(Z84:Z104) -> 4781.5193 | AA82: =SUM(AA84:AA104) -> 277.51128 | AB82: =SUM(AB84:AB104) -> 1397.6749 | AC82: =SUM(AC84:AC104) -> 662.05652 | AD82: =SUM(AD84:AD104) -> 514.93285 | AH82: TOT Area 4 | AI82: =SUM(AI84:AI104) -> 724163.23
B84: AVEZZANO | C84: =IFERROR(VLOOKUP($B84,'BDGT McAfee'!$AZ$6:$BD$190,4,0),0) -> 132.6092 | D84: =C84/30 -> 4.4203068 | I84: AVEZZANO | J84: =K84*$J$5 -> 1361.1177 | K84: =IFERROR(VLOOKUP($B84,'BDGT Polizze MTD'!$A$3:$AF$175,Interprete_Date!$B$17,0),0) -> 735.14321 | L84: =IFERROR((AI84*Kerb_Realtime!$CD$3/Kerb_Realtime!$CE$3),0) -> 8.15701 | P84: AVEZZANO | Q84: =IFERROR(VLOOKUP($B84,'BDGT Office'!$C$3:$F$180,3,0),0) -> 18 | R84: =Q84/30 -> 0.6 | V84: AVEZZANO | W84: =(Y84-Z84)+X84 -> 294.85018 | X84: =IFERROR(VLOOKUP($B84,'BDGT MW Services MTD'!$A$3:$AF$174,Interprete_Date!$B$17,0),0) -> 193.30255 | Y84: =Z84*$Y$5 -> 227.19429 | Z84: =X84*Z$5 -> 125.64666 | AA84: =Z84/Screen_Margini!$G$17 -> 7.2923192 | AB84: =X84*AB$5 -> 36.727485 | AC84: =X84*AC$5 -> 17.39723 | AD84: =X84*AD$5 -> 13.531179 | AH84: AVEZZANO | AI84: =IFERROR(VLOOKUP($B84,'FCST Sales'!$A$3:$AG$180,Interprete_Date!$B$17,0),0) -> 20707.152
B85: BOLOGNA 1 | C85: =IFERROR(VLOOKUP($B85,'BDGT McAfee'!$AZ$6:$BD$190,4,0),0) -> 217.13492 | D85: =C85/30 -> 7.2378306 | I85: BOLOGNA 1 | J85: =K85*$J$5 -> 3033.2761 | K85: =IFERROR(VLOOKUP($B85,'BDGT Polizze MTD'!$A$3:$AF$175,Interprete_Date!$B$17,0),0) -> 1638.2804 | L85: =IFERROR((AI85*Kerb_Realtime!$CD$3/Kerb_Realtime!$CE$3),0) -> 18.10006 | P85: BOLOGNA 1 | Q85: =IFERROR(VLOOKUP($B85,'BDGT Office'!$C$3:$F$180,3,0),0) -> 27.6 | R85: =Q85/30 -> 0.92 | V85: BOLOGNA 1 | W85: =(Y85-Z85)+X85 -> 752.74532 | X85: =IFERROR(VLOOKUP($B85,'BDGT MW Services MTD'!$A$3:$AF$174,Interprete_Date!$B$17,0),0) -> 493.4967 | Y85: =Z85*$Y$5 -> 580.02148 | Z85: =X85*Z$5 -> 320.77286 | AA85: =Z85/Screen_Margini!$G$17 -> 18.617113 | AB85: =X85*AB$5 -> 93.764373 | AC85: =X85*AC$5 -> 44.414703 | AD85: =X85*AD$5 -> 34.544769 | AH85: BOLOGNA 1 | AI85: =IFERROR(VLOOKUP($B85,'FCST Sales'!$A$3:$AG$180,Interprete_Date!$B$17,0),0) -> 45948.294
B86: BOLOGNA 2 | C86: =IFERROR(VLOOKUP($B86,'BDGT McAfee'!$AZ$6:$BD$190,4,0),0) -> 220.34048 | D86: =C86/30 -> 7.3446828 | I86: BOLOGNA 2 | J86: =K86*$J$5 -> 3268.0221 | K86: =IFERROR(VLOOKUP($B86,'BDGT Polizze MTD'!$A$3:$AF$175,Interprete_Date!$B$17,0),0) -> 1765.0673 | L86: =IFERROR((AI86*Kerb_Realtime!$CD$3/Kerb_Realtime!$CE$3),0) -> 19.709203 | P86: BOLOGNA 2 | Q86: =IFERROR(VLOOKUP($B86,'BDGT Office'!$C$3:$F$180,3,0),0) -> 34.8 | R86: =Q86/30 -> 1.16 | V86: BOLOGNA 2 | W86: =(Y86-Z86)+X86 -> 742.1556 | X86: =IFERROR(VLOOKUP($B86,'BDGT MW Services MTD'!$A$3:$AF$174,Interprete_Date!$B$17,0),0) -> 486.55412 | Y86: =Z86*$Y$5 -> 571.86166 | Z86: =X86*Z$5 -> 316.26018 | AA86: =Z86/Screen_Margini!$G$17 -> 18.355205 | AB86: =X86*AB$5 -> 92.445283 | AC86: =X86*AC$5 -> 43.789871 | AD86: =X86*AD$5 -> 34.058789 | AH86: BOLOGNA 2 | AI86: =IFERROR(VLOOKUP($B86,'FCST Sales'!$A$3:$AG$180,Interprete_Date!$B$17,0),0) -> 50033.219
B87: CAGLIARI | C87: =IFERROR(VLOOKUP($B87,'BDGT McAfee'!$AZ$6:$BD$190,4,0),0) -> 362.22896 | D87: =C87/30 -> 12.074299 | I87: CAGLIARI | J87: =K87*$J$5 -> 5546.7441 | K87: =IFERROR(VLOOKUP($B87,'BDGT Polizze MTD'!$A$3:$AF$175,Interprete_Date!$B$17,0),0) -> 2995.811 | L87: =IFERROR((AI87*Kerb_Realtime!$CD$3/Kerb_Realtime!$CE$3),0) -> 33.452003 | P87: CAGLIARI | Q87: =IFERROR(VLOOKUP($B87,'BDGT Office'!$C$3:$F$180,3,0),0) -> 68.4 | R87: =Q87/30 -> 2.28 | V87: CAGLIARI | W87: =(Y87-Z87)+X87 -> 1376.4325 | X87: =IFERROR(VLOOKUP($B87,'BDGT MW Services MTD'!$A$3:$AF$174,Interprete_Date!$B$17,0),0) -> 902.38344 | Y87: =Z87*$Y$5 -> 1060.5983 | Z87: =X87*Z$5 -> 586.54924 | AA87: =Z87/Screen_Margini!$G$17 -> 34.042324 | AB87: =X87*AB$5 -> 171.45285 | AC87: =X87*AC$5 -> 81.21451 | AD87: =X87*AD$5 -> 63.166841 | AH87: CAGLIARI | AI87: =IFERROR(VLOOKUP($B87,'FCST Sales'!$A$3:$AG$180,Interprete_Date!$B$17,0),0) -> 84920.3
B88: CARPI | C88: =IFERROR(VLOOKUP($B88,'BDGT McAfee'!$AZ$6:$BD$190,4,0),0) -> 67.654314 | D88: =C88/30 -> 2.2551438 | I88: CARPI | J88: =K88*$J$5 -> 1130.1218 | K88: =IFERROR(VLOOKUP($B88,'BDGT Polizze MTD'!$A$3:$AF$175,Interprete_Date!$B$17,0),0) -> 610.38175 | L88: =IFERROR((AI88*Kerb_Realtime!$CD$3/Kerb_Realtime!$CE$3),0) -> 6.7010758 | P88: CARPI | Q88: =IFERROR(VLOOKUP($B88,'BDGT Office'!$C$3:$F$180,3,0),0) -> 10.8 | R88: =Q88/30 -> 0.36 | V88: CARPI | W88: =(Y88-Z88)+X88 -> 231.3744 | X88: =IFERROR(VLOOKUP($B88,'BDGT MW Services MTD'!$A$3:$AF$174,Interprete_Date!$B$17,0),0) -> 151.6881 | Y88: =Z88*$Y$5 -> 178.28357 | Z88: =X88*Z$5 -> 98.597262 | AA88: =Z88/Screen_Margini!$G$17 -> 5.722418 | AB88: =X88*AB$5 -> 28.820738 | AC88: =X88*AC$5 -> 13.651929 | AD88: =X88*AD$5 -> 10.618167 | AH88: CARPI | AI88: =IFERROR(VLOOKUP($B88,'FCST Sales'!$A$3:$AG$180,Interprete_Date!$B$17,0),0) -> 17011.16
B89: FERRARA | C89: =IFERROR(VLOOKUP($B89,'BDGT McAfee'!$AZ$6:$BD$190,4,0),0) -> 179.00555 | D89: =C89/30 -> 5.9668518 | I89: FERRARA | J89: =K89*$J$5 -> 2771.1003 | K89: =IFERROR(VLOOKUP($B89,'BDGT Polizze MTD'!$A$3:$AF$175,Interprete_Date!$B$17,0),0) -> 1496.6786 | L89: =IFERROR((AI89*Kerb_Realtime!$CD$3/Kerb_Realtime!$CE$3),0) -> 16.538077 | P89: FERRARA | Q89: =IFERROR(VLOOKUP($B89,'BDGT Office'!$C$3:$F$180,3,0),0) -> 21.6 | R89: =Q89/30 -> 0.72 | V89: FERRARA | W89: =(Y89-Z89)+X89 -> 573.26066 | X89: =IFERROR(VLOOKUP($B89,'BDGT MW Services MTD'!$A$3:$AF$174,Interprete_Date!$B$17,0),0) -> 375.82731 | Y89: =Z89*$Y$5 -> 441.72111 | Z89: =X89*Z$5 -> 244.28775 | AA89: =Z89/Screen_Margini!$G$17 -> 14.178047 | AB89: =X89*AB$5 -> 71.407188 | AC89: =X89*AC$5 -> 33.824457 | AD89: =X89*AD$5 -> 26.307911 | AH89: FERRARA | AI89: =IFERROR(VLOOKUP($B89,'FCST Sales'!$A$3:$AG$180,Interprete_Date!$B$17,0),0) -> 41983.09
B90: FOLIGNO | C90: =IFERROR(VLOOKUP($B90,'BDGT McAfee'!$AZ$6:$BD$190,4,0),0) -> 49.433202 | D90: =C90/30 -> 1.6477734 | I90: FOLIGNO | J90: =K90*$J$5 -> 1203.0531 | K90: =IFERROR(VLOOKUP($B90,'BDGT Polizze MTD'!$A$3:$AF$175,Interprete_Date!$B$17,0),0) -> 649.77215 | L90: =IFERROR((AI90*Kerb_Realtime!$CD$3/Kerb_Realtime!$CE$3),0) -> 4.2614935 | P90: FOLIGNO | Q90: =IFERROR(VLOOKUP($B90,'BDGT Office'!$C$3:$F$180,3,0),0) -> 7.2 | R90: =Q90/30 -> 0.24 | V90: FOLIGNO | W90: =(Y90-Z90)+X90 -> 166.49799 | X90: =IFERROR(VLOOKUP($B90,'BDGT MW Services MTD'!$A$3:$AF$174,Interprete_Date!$B$17,0),0) -> 109.15539 | Y90: =Z90*$Y$5 -> 128.2936 | Z90: =X90*Z$5 -> 70.951001 | AA90: =Z90/Screen_Margini!$G$17 -> 4.1178759 | AB90: =X90*AB$5 -> 20.739523 | AC90: =X90*AC$5 -> 9.8239848 | AD90: =X90*AD$5 -> 7.6408771 | AH90: FOLIGNO | AI90: =IFERROR(VLOOKUP($B90,'FCST Sales'!$A$3:$AG$180,Interprete_Date!$B$17,0),0) -> 10818.106
B91: FORLI | C91: =IFERROR(VLOOKUP($B91,'BDGT McAfee'!$AZ$6:$BD$190,4,0),0) -> 67.4856 | D91: =C91/30 -> 2.24952 | I91: FORLI | J91: =K91*$J$5 -> 0 | K91: =IFERROR(VLOOKUP($B91,'BDGT Polizze MTD'!$A$3:$AF$175,Interprete_Date!$B$17,0),0) -> 0 | L91: =IFERROR((AI91*Kerb_Realtime!$CD$3/Kerb_Realtime!$CE$3),0) -> 0 | P91: FORLI | Q91: =IFERROR(VLOOKUP($B91,'BDGT Office'!$C$3:$F$180,3,0),0) -> 8.4 | R91: =Q91/30 -> 0.28 | V91: FORLI | W91: =(Y91-Z91)+X91 -> 0 | X91: =IFERROR(VLOOKUP($B91,'BDGT MW Services MTD'!$A$3:$AF$174,Interprete_Date!$B$17,0),0) -> 0 | Y91: =Z91*$Y$5 -> 0 | Z91: =X91*Z$5 -> 0 | AA91: =Z91/Screen_Margini!$G$17 -> 0 | AB91: =X91*AB$5 -> 0 | AC91: =X91*AC$5 -> 0 | AD91: =X91*AD$5 -> 0 | AH91: FORLI | AI91: =IFERROR(VLOOKUP($B91,'FCST Sales'!$A$3:$AG$180,Interprete_Date!$B$17,0),0) -> 0
B92: IMOLA | C92: =IFERROR(VLOOKUP($B92,'BDGT McAfee'!$AZ$6:$BD$190,4,0),0) -> 100.72226 | D92: =C92/30 -> 3.3574086 | I92: IMOLA | J92: =K92*$J$5 -> 1487.0287 | K92: =IFERROR(VLOOKUP($B92,'BDGT Polizze MTD'!$A$3:$AF$175,Interprete_Date!$B$17,0),0) -> 803.14809 | L92: =IFERROR((AI92*Kerb_Realtime!$CD$3/Kerb_Realtime!$CE$3),0) -> 8.7259509 | P92: IMOLA | Q92: =IFERROR(VLOOKUP($B92,'BDGT Office'!$C$3:$F$180,3,0),0) -> 18 | R92: =Q92/30 -> 0.6 | V92: IMOLA | W92: =(Y92-Z92)+X92 -> 359.02628 | X92: =IFERROR(VLOOKUP($B92,'BDGT MW Services MTD'!$A$3:$AF$174,Interprete_Date!$B$17,0),0) -> 235.37614 | Y92: =Z92*$Y$5 -> 276.64463 | Z92: =X92*Z$5 -> 152.99449 | AA92: =Z92/Screen_Margini!$G$17 -> 8.8795408 | AB92: =X92*AB$5 -> 44.721466 | AC92: =X92*AC$5 -> 21.183852 | AD92: =X92*AD$5 -> 16.47633 | AH92: IMOLA | AI92: =IFERROR(VLOOKUP($B92,'FCST Sales'!$A$3:$AG$180,Interprete_Date!$B$17,0),0) -> 22151.45
B93: L'AQUILA | C93: =IFERROR(VLOOKUP($B93,'BDGT McAfee'!$AZ$6:$BD$190,4,0),0) -> 120.29308 | D93: =C93/30 -> 4.0097694 | I93: L'AQUILA | J93: =K93*$J$5 -> 1484.6309 | K93: =IFERROR(VLOOKUP($B93,'BDGT Polizze MTD'!$A$3:$AF$175,Interprete_Date!$B$17,0),0) -> 801.85302 | L93: =IFERROR((AI93*Kerb_Realtime!$CD$3/Kerb_Realtime!$CE$3),0) -> 8.9537011 | P93: L'AQUILA | Q93: =IFERROR(VLOOKUP($B93,'BDGT Office'!$C$3:$F$180,3,0),0) -> 8.4 | R93: =Q93/30 -> 0.28 | V93: L'AQUILA | W93: =(Y93-Z93)+X93 -> 390.73289 | X93: =IFERROR(VLOOKUP($B93,'BDGT MW Services MTD'!$A$3:$AF$174,Interprete_Date!$B$17,0),0) -> 256.16286 | Y93: =Z93*$Y$5 -> 301.07589 | Z93: =X93*Z$5 -> 166.50586 | AA93: =Z93/Screen_Margini!$G$17 -> 9.6637178 | AB93: =X93*AB$5 -> 48.670943 | AC93: =X93*AC$5 -> 23.054657 | AD93: =X93*AD$5 -> 17.9314 | AH93: L'AQUILA | AI93: =IFERROR(VLOOKUP($B93,'FCST Sales'!$A$3:$AG$180,Interprete_Date!$B$17,0),0) -> 22729.61
B94: MODENA | C94: =IFERROR(VLOOKUP($B94,'BDGT McAfee'!$AZ$6:$BD$190,4,0),0) -> 281.07752 | D94: =C94/30 -> 9.3692508 | I94: MODENA | J94: =K94*$J$5 -> 4455.2186 | K94: =IFERROR(VLOOKUP($B94,'BDGT Polizze MTD'!$A$3:$AF$175,Interprete_Date!$B$17,0),0) -> 2406.2753 | L94: =IFERROR((AI94*Kerb_Realtime!$CD$3/Kerb_Realtime!$CE$3),0) -> 26.869099 | P94: MODENA | Q94: =IFERROR(VLOOKUP($B94,'BDGT Office'!$C$3:$F$180,3,0),0) -> 27.6 | R94: =Q94/30 -> 0.92 | V94: MODENA | W94: =(Y94-Z94)+X94 -> 1025.1265 | X94: =IFERROR(VLOOKUP($B94,'BDGT MW Services MTD'!$A$3:$AF$174,Interprete_Date!$B$17,0),0) -> 672.0687 | Y94: =Z94*$Y$5 -> 789.9025 | Z94: =X94*Z$5 -> 436.84465 | AA94: =Z94/Screen_Margini!$G$17 -> 25.353723 | AB94: =X94*AB$5 -> 127.69305 | AC94: =X94*AC$5 -> 60.486183 | AD94: =X94*AD$5 -> 47.044809 | AH94: MODENA | AI94: =IFERROR(VLOOKUP($B94,'FCST Sales'!$A$3:$AG$180,Interprete_Date!$B$17,0),0) -> 68209.127
B95: PARMA | C95: =IFERROR(VLOOKUP($B95,'BDGT McAfee'!$AZ$6:$BD$190,4,0),0) -> 275.67868 | D95: =C95/30 -> 9.1892892 | I95: PARMA | J95: =K95*$J$5 -> 4473.6561 | K95: =IFERROR(VLOOKUP($B95,'BDGT Polizze MTD'!$A$3:$AF$175,Interprete_Date!$B$17,0),0) -> 2416.2334 | L95: =IFERROR((AI95*Kerb_Realtime!$CD$3/Kerb_Realtime!$CE$3),0) -> 23.894346 | P95: PARMA | Q95: =IFERROR(VLOOKUP($B95,'BDGT Office'!$C$3:$F$180,3,0),0) -> 42 | R95: =Q95/30 -> 1.4 | V95: PARMA | W95: =(Y95-Z95)+X95 -> 983.18317 | X95: =IFERROR(VLOOKUP($B95,'BDGT MW Services MTD'!$A$3:$AF$174,Interprete_Date!$B$17,0),0) -> 644.57079 | Y95: =Z95*$Y$5 -> 757.58339 | Z95: =X95*Z$5 -> 418.97102 | AA95: =Z95/Screen_Margini!$G$17 -> 24.316368 | AB95: =X95*AB$5 -> 122.46845 | AC95: =X95*AC$5 -> 58.011371 | AD95: =X95*AD$5 -> 45.119956 | AH95: PARMA | AI95: =IFERROR(VLOOKUP($B95,'FCST Sales'!$A$3:$AG$180,Interprete_Date!$B$17,0),0) -> 60657.504
... B104: VITERBO | C104: =IFERROR(VLOOKUP($B104,'BDGT McAfee'!$AZ$6:$BD$190,4,0),0) -> 66.304602 | D104: =C104/30 -> 2.2101534 | I104: VITERBO | J104: =K104*$J$5 -> 1289.6844 | K104: =IFERROR(VLOOKUP($B104,'BDGT Polizze MTD'!$A$3:$AF$175,Interprete_Date!$B$17,0),0) -> 696.5619 | L104: =IFERROR((AI104*Kerb_Realtime!$CD$3/Kerb_Realtime!$CE$3),0) -> 7.2628347 | P104: VITERBO | Q104: =IFERROR(VLOOKUP($B104,'BDGT Office'!$C$3:$F$180,3,0),0) -> 9.6 | R104: =Q104/30 -> 0.32 | V104: VITERBO | W104: =(Y104-Z104)+X104 -> 302.04664 | X104: =IFERROR(VLOOKUP($B104,'BDGT MW Services MTD'!$A$3:$AF$174,Interprete_Date!$B$17,0),0) -> 198.02052 | Y104: =Z104*$Y$5 -> 232.73946 | Z104: =X104*Z$5 -> 128.71334 | AA104: =Z104/Screen_Margini!$G$17 -> 7.470304 | AB104: =X104*AB$5 -> 37.623899 | AC104: =X104*AC$5 -> 17.821847 | AD104: =X104*AD$5 -> 13.861436 | AH104: VITERBO | AI104: =IFERROR(VLOOKUP($B104,'FCST Sales'!$A$3:$AG$180,Interprete_Date!$B$17,0),0) -> 18437.225
B107: TOT Area 5 | C107: =SUM(C109:C129) -> 4478.7245 | D107: =SUM(D109:D129) -> 149.29082 | I107: TOT Area 5 | J107: =SUM(J109:J129) -> 71748.918 | K107: =SUM(K109:K129) -> 38751.778 | L107: =SUM(L109:L129) -> 388.55832 | P107: TOT Area 5 | Q107: =SUM(Q109:Q129) -> 582 | R107: =SUM(R109:R129) -> 19.4 | V107: TOT Area 5 | W107: =SUM(W109:W129) -> 15240.091 | X107: =SUM(X109:X129) -> 9991.3403 | Y107: =SUM(Y109:Y129) -> 11743.122 | Z107: =SUM(Z109:Z129) -> 6494.3712 | AA107: =SUM(AA109:AA129) -> 376.9223 | AB107: =SUM(AB109:AB129) -> 1898.3547 | AC107: =SUM(AC109:AC129) -> 899.22062 | AD107: =SUM(AD109:AD129) -> 699.39382 | AH107: TOT Area 5 | AI107: =SUM(AI109:AI129) -> 986383.04
B109: CATANIA 1 | C109: =IFERROR(VLOOKUP($B109,'BDGT McAfee'!$AZ$6:$BD$190,4,0),0) -> 205.66237 | D109: =C109/30 -> 6.8554122 | I109: CATANIA 1 | J109: =K109*$J$5 -> 2782.705 | K109: =IFERROR(VLOOKUP($B109,'BDGT Polizze MTD'!$A$3:$AF$175,Interprete_Date!$B$17,0),0) -> 1502.9463 | L109: =IFERROR((AI109*Kerb_Realtime!$CD$3/Kerb_Realtime!$CE$3),0) -> 13.437303 | P109: CATANIA 1 | Q109: =IFERROR(VLOOKUP($B109,'BDGT Office'!$C$3:$F$180,3,0),0) -> 18 | R109: =Q109/30 -> 0.6 | V109: CATANIA 1 | W109: =(Y109-Z109)+X109 -> 558.81079 | X109: =IFERROR(VLOOKUP($B109,'BDGT MW Services MTD'!$A$3:$AF$174,Interprete_Date!$B$17,0),0) -> 366.35403 | Y109: =Z109*$Y$5 -> 430.58688 | Z109: =X109*Z$5 -> 238.13012 | AA109: =Z109/Screen_Margini!$G$17 -> 13.820669 | AB109: =X109*AB$5 -> 69.607266 | AC109: =X109*AC$5 -> 32.971863 | AD109: =X109*AD$5 -> 25.644782 | AH109: CATANIA 1 | AI109: =IFERROR(VLOOKUP($B109,'FCST Sales'!$A$3:$AG$180,Interprete_Date!$B$17,0),0) -> 34111.555
B110: CATANIA 2 | C110: =IFERROR(VLOOKUP($B110,'BDGT McAfee'!$AZ$6:$BD$190,4,0),0) -> 193.68367 | D110: =C110/30 -> 6.4561224 | I110: CATANIA 2 | J110: =K110*$J$5 -> 2434.7953 | K110: =IFERROR(VLOOKUP($B110,'BDGT Polizze MTD'!$A$3:$AF$175,Interprete_Date!$B$17,0),0) -> 1315.0393 | L110: =IFERROR((AI110*Kerb_Realtime!$CD$3/Kerb_Realtime!$CE$3),0) -> 12.875706 | P110: CATANIA 2 | Q110: =IFERROR(VLOOKUP($B110,'BDGT Office'!$C$3:$F$180,3,0),0) -> 13.2 | R110: =Q110/30 -> 0.44 | V110: CATANIA 2 | W110: =(Y110-Z110)+X110 -> 529.73177 | X110: =IFERROR(VLOOKUP($B110,'BDGT MW Services MTD'!$A$3:$AF$174,Interprete_Date!$B$17,0),0) -> 347.28995 | Y110: =Z110*$Y$5 -> 408.18029 | Z110: =X110*Z$5 -> 225.73846 | AA110: =Z110/Screen_Margini!$G$17 -> 13.101478 | AB110: =X110*AB$5 -> 65.98509 | AC110: =X110*AC$5 -> 31.256095 | AD110: =X110*AD$5 -> 24.310296 | AH110: CATANIA 2 | AI110: =IFERROR(VLOOKUP($B110,'FCST Sales'!$A$3:$AG$180,Interprete_Date!$B$17,0),0) -> 32685.899
B111: EMPOLI | C111: =IFERROR(VLOOKUP($B111,'BDGT McAfee'!$AZ$6:$BD$190,4,0),0) -> 173.26928 | D111: =C111/30 -> 5.7756426 | I111: EMPOLI | J111: =K111*$J$5 -> 2313.16 | K111: =IFERROR(VLOOKUP($B111,'BDGT Polizze MTD'!$A$3:$AF$175,Interprete_Date!$B$17,0),0) -> 1249.3438 | L111: =IFERROR((AI111*Kerb_Realtime!$CD$3/Kerb_Realtime!$CE$3),0) -> 13.862481 | P111: EMPOLI | Q111: =IFERROR(VLOOKUP($B111,'BDGT Office'!$C$3:$F$180,3,0),0) -> 22.8 | R111: =Q111/30 -> 0.76 | V111: EMPOLI | W111: =(Y111-Z111)+X111 -> 570.39403 | X111: =IFERROR(VLOOKUP($B111,'BDGT MW Services MTD'!$A$3:$AF$174,Interprete_Date!$B$17,0),0) -> 373.94795 | Y111: =Z111*$Y$5 -> 439.51225 | Z111: =X111*Z$5 -> 243.06617 | AA111: =Z111/Screen_Margini!$G$17 -> 14.107149 | AB111: =X111*AB$5 -> 71.050111 | AC111: =X111*AC$5 -> 33.655316 | AD111: =X111*AD$5 -> 26.176357 | AH111: EMPOLI | AI111: =IFERROR(VLOOKUP($B111,'FCST Sales'!$A$3:$AG$180,Interprete_Date!$B$17,0),0) -> 35190.899
B112: FIGLINE VALDARNO | C112: =IFERROR(VLOOKUP($B112,'BDGT McAfee'!$AZ$6:$BD$190,4,0),0) -> 131.93435 | D112: =C112/30 -> 4.3978116 | I112: FIGLINE VALDARNO | J112: =K112*$J$5 -> 2175.1606 | K112: =IFERROR(VLOOKUP($B112,'BDGT Polizze MTD'!$A$3:$AF$175,Interprete_Date!$B$17,0),0) -> 1174.8099 | L112: =IFERROR((AI112*Kerb_Realtime!$CD$3/Kerb_Realtime!$CE$3),0) -> 12.294173 | P112: FIGLINE VALDARNO | Q112: =IFERROR(VLOOKUP($B112,'BDGT Office'!$C$3:$F$180,3,0),0) -> 16.8 | R112: =Q112/30 -> 0.56 | V112: FIGLINE VALDARNO | W112: =(Y112-Z112)+X112 -> 505.80522 | X112: =IFERROR(VLOOKUP($B112,'BDGT MW Services MTD'!$A$3:$AF$174,Interprete_Date!$B$17,0),0) -> 331.60379 | Y112: =Z112*$Y$5 -> 389.74389 | Z112: =X112*Z$5 -> 215.54247 | AA112: =Z112/Screen_Margini!$G$17 -> 12.509719 | AB112: =X112*AB$5 -> 63.004721 | AC112: =X112*AC$5 -> 29.844341 | AD112: =X112*AD$5 -> 23.212266 | AH112: FIGLINE VALDARNO | AI112: =IFERROR(VLOOKUP($B112,'FCST Sales'!$A$3:$AG$180,Interprete_Date!$B$17,0),0) -> 31209.637
B113: FIRENZE 1 | C113: =IFERROR(VLOOKUP($B113,'BDGT McAfee'!$AZ$6:$BD$190,4,0),0) -> 304.69748 | D113: =C113/30 -> 10.156583 | I113: FIRENZE 1 | J113: =K113*$J$5 -> 5455.9094 | K113: =IFERROR(VLOOKUP($B113,'BDGT Polizze MTD'!$A$3:$AF$175,Interprete_Date!$B$17,0),0) -> 2946.7509 | L113: =IFERROR((AI113*Kerb_Realtime!$CD$3/Kerb_Realtime!$CE$3),0) -> 27.823625 | P113: FIRENZE 1 | Q113: =IFERROR(VLOOKUP($B113,'BDGT Office'!$C$3:$F$180,3,0),0) -> 39.6 | R113: =Q113/30 -> 1.32 | V113: FIRENZE 1 | W113: =(Y113-Z113)+X113 -> 1157.0485 | X113: =IFERROR(VLOOKUP($B113,'BDGT MW Services MTD'!$A$3:$AF$174,Interprete_Date!$B$17,0),0) -> 758.55617 | Y113: =Z113*$Y$5 -> 891.55383 | Z113: =X113*Z$5 -> 493.06151 | AA113: =Z113/Screen_Margini!$G$17 -> 28.616455 | AB113: =X113*AB$5 -> 144.12567 | AC113: =X113*AC$5 -> 68.270056 | AD113: =X113*AD$5 -> 53.098932 | AH113: FIRENZE 1 | AI113: =IFERROR(VLOOKUP($B113,'FCST Sales'!$A$3:$AG$180,Interprete_Date!$B$17,0),0) -> 70632.26
B114: FIRENZE 2 | C114: =IFERROR(VLOOKUP($B114,'BDGT McAfee'!$AZ$6:$BD$190,4,0),0) -> 160.78444 | D114: =C114/30 -> 5.3594814 | I114: FIRENZE 2 | J114: =K114*$J$5 -> 2819.4735 | K114: =IFERROR(VLOOKUP($B114,'BDGT Polizze MTD'!$A$3:$AF$175,Interprete_Date!$B$17,0),0) -> 1522.805 | L114: =IFERROR((AI114*Kerb_Realtime!$CD$3/Kerb_Realtime!$CE$3),0) -> 14.947245 | P114: FIRENZE 2 | Q114: =IFERROR(VLOOKUP($B114,'BDGT Office'!$C$3:$F$180,3,0),0) -> 30 | R114: =Q114/30 -> 1 | V114: FIRENZE 2 | W114: =(Y114-Z114)+X114 -> 596.36738 | X114: =IFERROR(VLOOKUP($B114,'BDGT MW Services MTD'!$A$3:$AF$174,Interprete_Date!$B$17,0),0) -> 390.97597 | Y114: =Z114*$Y$5 -> 459.52579 | Z114: =X114*Z$5 -> 254.13438 | AA114: =Z114/Screen_Margini!$G$17 -> 14.749529 | AB114: =X114*AB$5 -> 74.285435 | AC114: =X114*AC$5 -> 35.187838 | AD114: =X114*AD$5 -> 27.368318 | AH114: FIRENZE 2 | AI114: =IFERROR(VLOOKUP($B114,'FCST Sales'!$A$3:$AG$180,Interprete_Date!$B$17,0),0) -> 37944.649
B115: FIRENZE NOVOLI | C115: =IFERROR(VLOOKUP($B115,'BDGT McAfee'!$AZ$6:$BD$190,4,0),0) -> 216.12263 | D115: =C115/30 -> 7.2040878 | I115: FIRENZE NOVOLI | J115: =K115*$J$5 -> 3173.9614 | K115: =IFERROR(VLOOKUP($B115,'BDGT Polizze MTD'!$A$3:$AF$175,Interprete_Date!$B$17,0),0) -> 1714.2648 | L115: =IFERROR((AI115*Kerb_Realtime!$CD$3/Kerb_Realtime!$CE$3),0) -> 18.735394 | P115: FIRENZE NOVOLI | Q115: =IFERROR(VLOOKUP($B115,'BDGT Office'!$C$3:$F$180,3,0),0) -> 22.8 | R115: =Q115/30 -> 0.76 | V115: FIRENZE NOVOLI | W115: =(Y115-Z115)+X115 -> 700.79302 | X115: =IFERROR(VLOOKUP($B115,'BDGT MW Services MTD'!$A$3:$AF$174,Interprete_Date!$B$17,0),0) -> 459.43699 | Y115: =Z115*$Y$5 -> 539.99008 | Z115: =X115*Z$5 -> 298.63404 | AA115: =Z115/Screen_Margini!$G$17 -> 17.332214 | AB115: =X115*AB$5 -> 87.293028 | AC115: =X115*AC$5 -> 41.349329 | AD115: =X115*AD$5 -> 32.160589 | AH115: FIRENZE NOVOLI | AI115: =IFERROR(VLOOKUP($B115,'FCST Sales'!$A$3:$AG$180,Interprete_Date!$B$17,0),0) -> 47561.137
B116: LUCCA | C116: =IFERROR(VLOOKUP($B116,'BDGT McAfee'!$AZ$6:$BD$190,4,0),0) -> 186.59768 | D116: =C116/30 -> 6.2199228 | I116: LUCCA | J116: =K116*$J$5 -> 3062.9441 | K116: =IFERROR(VLOOKUP($B116,'BDGT Polizze MTD'!$A$3:$AF$175,Interprete_Date!$B$17,0),0) -> 1654.3041 | L116: =IFERROR((AI116*Kerb_Realtime!$CD$3/Kerb_Realtime!$CE$3),0) -> 18.176804 | P116: LUCCA | Q116: =IFERROR(VLOOKUP($B116,'BDGT Office'!$C$3:$F$180,3,0),0) -> 25.2 | R116: =Q116/30 -> 0.84 | V116: LUCCA | W116: =(Y116-Z116)+X116 -> 747.88606 | X116: =IFERROR(VLOOKUP($B116,'BDGT MW Services MTD'!$A$3:$AF$174,Interprete_Date!$B$17,0),0) -> 490.31099 | Y116: =Z116*$Y$5 -> 576.27721 | Z116: =X116*Z$5 -> 318.70214 | AA116: =Z116/Screen_Margini!$G$17 -> 18.496932 | AB116: =X116*AB$5 -> 93.159088 | AC116: =X116*AC$5 -> 44.127989 | AD116: =X116*AD$5 -> 34.321769 | AH116: LUCCA | AI116: =IFERROR(VLOOKUP($B116,'FCST Sales'!$A$3:$AG$180,Interprete_Date!$B$17,0),0) -> 46143.116
B117: PALERMO 1 | C117: =IFERROR(VLOOKUP($B117,'BDGT McAfee'!$AZ$6:$BD$190,4,0),0) -> 319.3756 | D117: =C117/30 -> 10.645853 | I117: PALERMO 1 | J117: =K117*$J$5 -> 5110.9062 | K117: =IFERROR(VLOOKUP($B117,'BDGT Polizze MTD'!$A$3:$AF$175,Interprete_Date!$B$17,0),0) -> 2760.4138 | L117: =IFERROR((AI117*Kerb_Realtime!$CD$3/Kerb_Realtime!$CE$3),0) -> 21.35627 | P117: PALERMO 1 | Q117: =IFERROR(VLOOKUP($B117,'BDGT Office'!$C$3:$F$180,3,0),0) -> 22.8 | R117: =Q117/30 -> 0.76 | V117: PALERMO 1 | W117: =(Y117-Z117)+X117 -> 861.14503 | X117: =IFERROR(VLOOKUP($B117,'BDGT MW Services MTD'!$A$3:$AF$174,Interprete_Date!$B$17,0),0) -> 564.5631 | Y117: =Z117*$Y$5 -> 663.54795 | Z117: =X117*Z$5 -> 366.96601 | AA117: =Z117/Screen_Margini!$G$17 -> 21.298086 | AB117: =X117*AB$5 -> 107.26699 | AC117: =X117*AC$5 -> 50.810679 | AD117: =X117*AD$5 -> 39.519417 | AH117: PALERMO 1 | AI117: =IFERROR(VLOOKUP($B117,'FCST Sales'!$A$3:$AG$180,Interprete_Date!$B$17,0),0) -> 54214.416
B118: PALERMO 2 | C118: =IFERROR(VLOOKUP($B118,'BDGT McAfee'!$AZ$6:$BD$190,4,0),0) -> 168.88271 | D118: =C118/30 -> 5.6294238 | I118: PALERMO 2 | J118: =K118*$J$5 -> 3352.8393 | K118: =IFERROR(VLOOKUP($B118,'BDGT Polizze MTD'!$A$3:$AF$175,Interprete_Date!$B$17,0),0) -> 1810.8773 | L118: =IFERROR((AI118*Kerb_Realtime!$CD$3/Kerb_Realtime!$CE$3),0) -> 14.320777 | P118: PALERMO 2 | Q118: =IFERROR(VLOOKUP($B118,'BDGT Office'!$C$3:$F$180,3,0),0) -> 10.8 | R118: =Q118/30 -> 0.36 | V118: PALERMO 2 | W118: =(Y118-Z118)+X118 -> 589.23069 | X118: =IFERROR(VLOOKUP($B118,'BDGT MW Services MTD'!$A$3:$AF$174,Interprete_Date!$B$17,0),0) -> 386.29719 | Y118: =Z118*$Y$5 -> 454.02667 | Z118: =X118*Z$5 -> 251.09317 | AA118: =Z118/Screen_Margini!$G$17 -> 14.573022 | AB118: =X118*AB$5 -> 73.396466 | AC118: =X118*AC$5 -> 34.766747 | AD118: =X118*AD$5 -> 27.040803 | AH118: PALERMO 2 | AI118: =IFERROR(VLOOKUP($B118,'FCST Sales'!$A$3:$AG$180,Interprete_Date!$B$17,0),0) -> 36354.316
B119: PISA | C119: =IFERROR(VLOOKUP($B119,'BDGT McAfee'!$AZ$6:$BD$190,4,0),0) -> 183.05469 | D119: =C119/30 -> 6.101823 | I119: PISA | J119: =K119*$J$5 -> 3008.2561 | K119: =IFERROR(VLOOKUP($B119,'BDGT Polizze MTD'!$A$3:$AF$175,Interprete_Date!$B$17,0),0) -> 1624.767 | L119: =IFERROR((AI119*Kerb_Realtime!$CD$3/Kerb_Realtime!$CE$3),0) -> 17.359085 | P119: PISA | Q119: =IFERROR(VLOOKUP($B119,'BDGT Office'!$C$3:$F$180,3,0),0) -> 22.8 | R119: =Q119/30 -> 0.76 | V119: PISA | W119: =(Y119-Z119)+X119 -> 714.24938 | X119: =IFERROR(VLOOKUP($B119,'BDGT MW Services MTD'!$A$3:$AF$174,Interprete_Date!$B$17,0),0) -> 468.25892 | Y119: =Z119*$Y$5 -> 550.35876 | Z119: =X119*Z$5 -> 304.3683 | AA119: =Z119/Screen_Margini!$G$17 -> 17.66502 | AB119: =X119*AB$5 -> 88.969195 | AC119: =X119*AC$5 -> 42.143303 | AD119: =X119*AD$5 -> 32.778124 | AH119: PISA | AI119: =IFERROR(VLOOKUP($B119,'FCST Sales'!$A$3:$AG$180,Interprete_Date!$B$17,0),0) -> 44067.277
B120: PISTOIA | C120: =IFERROR(VLOOKUP($B120,'BDGT McAfee'!$AZ$6:$BD$190,4,0),0) -> 114.38809 | D120: =C120/30 -> 3.8129364 | I120: PISTOIA | J120: =K120*$J$5 -> 1576.5826 | K120: =IFERROR(VLOOKUP($B120,'BDGT Polizze MTD'!$A$3:$AF$175,Interprete_Date!$B$17,0),0) -> 851.51638 | L120: =IFERROR((AI120*Kerb_Realtime!$CD$3/Kerb_Realtime!$CE$3),0) -> 9.4482639 | P120: PISTOIA | Q120: =IFERROR(VLOOKUP($B120,'BDGT Office'!$C$3:$F$180,3,0),0) -> 12 | R120: =Q120/30 -> 0.4 | V120: PISTOIA | W120: =(Y120-Z120)+X120 -> 388.80562 | X120: =IFERROR(VLOOKUP($B120,'BDGT MW Services MTD'!$A$3:$AF$174,Interprete_Date!$B$17,0),0) -> 254.89935 | Y120: =Z120*$Y$5 -> 299.59085 | Z120: =X120*Z$5 -> 165.68457 | AA120: =Z120/Screen_Margini!$G$17 -> 9.6160519 | AB120: =X120*AB$5 -> 48.430876 | AC120: =X120*AC$5 -> 22.940941 | AD120: =X120*AD$5 -> 17.842954 | AH120: PISTOIA | AI120: =IFERROR(VLOOKUP($B120,'FCST Sales'!$A$3:$AG$180,Interprete_Date!$B$17,0),0) -> 23985.093
... B129: SIRACUSA | C129: =IFERROR(VLOOKUP($B129,'BDGT McAfee'!$AZ$6:$BD$190,4,0),0) -> 185.4 | D129: =C129/30 -> 6.18 | I129: SIRACUSA | J129: =K129*$J$5 -> 2920.3944 | K129: =IFERROR(VLOOKUP($B129,'BDGT Polizze MTD'!$A$3:$AF$175,Interprete_Date!$B$17,0),0) -> 1577.3127 | L129: =IFERROR((AI129*Kerb_Realtime!$CD$3/Kerb_Realtime!$CE$3),0) -> 11.401716 | P129: SIRACUSA | Q129: =IFERROR(VLOOKUP($B129,'BDGT Office'!$C$3:$F$180,3,0),0) -> 18 | R129: =Q129/30 -> 0.6 | V129: SIRACUSA | W129: =(Y129-Z129)+X129 -> 469.12542 | X129: =IFERROR(VLOOKUP($B129,'BDGT MW Services MTD'!$A$3:$AF$174,Interprete_Date!$B$17,0),0) -> 307.55667 | Y129: =Z129*$Y$5 -> 361.48059 | Z129: =X129*Z$5 -> 199.91184 | AA129: =Z129/Screen_Margini!$G$17 -> 11.602544 | AB129: =X129*AB$5 -> 58.435768 | AC129: =X129*AC$5 -> 27.680101 | AD129: =X129*AD$5 -> 21.528967 | AH129: SIRACUSA | AI129: =IFERROR(VLOOKUP($B129,'FCST Sales'!$A$3:$AG$180,Interprete_Date!$B$17,0),0) -> 28944.071
B132: TOT Area 6 | C132: =SUM(C134:C155) -> 3737.4081 | D132: =SUM(D134:D155) -> 124.58027 | I132: TOT Area 6 | J132: =SUM(J134:J155) -> 55919.837 | K132: =SUM(K134:K155) -> 30202.45 | L132: =SUM(L134:L155) -> 331.19264 | P132: TOT Area 6 | Q132: =SUM(Q134:Q155) -> 492 | R132: =SUM(R134:R155) -> 16.4 | V132: TOT Area 6 | W132: =SUM(W134:W155) -> 11527.961 | X132: =SUM(X134:X155) -> 7557.6833 | Y132: =SUM(Y134:Y155) -> 8882.7719 | Z132: =SUM(Z134:Z155) -> 4912.4941 | AA132: =SUM(AA134:AA155) -> 285.11283 | AB132: =SUM(AB134:AB155) -> 1435.9598 | AC132: =SUM(AC134:AC155) -> 680.1915 | AD132: =SUM(AD134:AD155) -> 529.03783 | AH132: TOT Area 6 | AI132: =SUM(AI134:AI155) -> 840756.17
B134: ANCONA | C134: =IFERROR(VLOOKUP($B134,'BDGT McAfee'!$AZ$6:$BD$190,4,0),0) -> 148.32 | D134: =C134/30 -> 4.944 | I134: ANCONA | J134: =K134*$J$5 -> 2091.7169 | K134: =IFERROR(VLOOKUP($B134,'BDGT Polizze MTD'!$A$3:$AF$175,Interprete_Date!$B$17,0),0) -> 1129.7418 | L134: =IFERROR((AI134*Kerb_Realtime!$CD$3/Kerb_Realtime!$CE$3),0) -> 12.614994 | P134: ANCONA | Q134: =IFERROR(VLOOKUP($B134,'BDGT Office'!$C$3:$F$180,3,0),0) -> 15.6 | R134: =Q134/30 -> 0.52 | V134: ANCONA | W134: =(Y134-Z134)+X134 -> 462.7488 | X134: =IFERROR(VLOOKUP($B134,'BDGT MW Services MTD'!$A$3:$AF$174,Interprete_Date!$B$17,0),0) -> 303.37619 | Y134: =Z134*$Y$5 -> 356.56714 | Z134: =X134*Z$5 -> 197.19452 | AA134: =Z134/Screen_Margini!$G$17 -> 11.444836 | AB134: =X134*AB$5 -> 57.641476 | AC134: =X134*AC$5 -> 27.303857 | AD134: =X134*AD$5 -> 21.236333 | AH134: ANCONA | AI134: =IFERROR(VLOOKUP($B134,'FCST Sales'!$A$3:$AG$180,Interprete_Date!$B$17,0),0) -> 32024.062
B135: ASCOLI PICENO | C135: =IFERROR(VLOOKUP($B135,'BDGT McAfee'!$AZ$6:$BD$190,4,0),0) -> 160.95316 | D135: =C135/30 -> 5.3651052 | I135: ASCOLI PICENO | J135: =K135*$J$5 -> 2738.9679 | K135: =IFERROR(VLOOKUP($B135,'BDGT Polizze MTD'!$A$3:$AF$175,Interprete_Date!$B$17,0),0) -> 1479.3237 | L135: =IFERROR((AI135*Kerb_Realtime!$CD$3/Kerb_Realtime!$CE$3),0) -> 16.414296 | P135: ASCOLI PICENO | Q135: =IFERROR(VLOOKUP($B135,'BDGT Office'!$C$3:$F$180,3,0),0) -> 36 | R135: =Q135/30 -> 1.2 | V135: ASCOLI PICENO | W135: =(Y135-Z135)+X135 -> 695.81984 | X135: =IFERROR(VLOOKUP($B135,'BDGT MW Services MTD'!$A$3:$AF$174,Interprete_Date!$B$17,0),0) -> 456.17659 | Y135: =Z135*$Y$5 -> 536.15803 | Z135: =X135*Z$5 -> 296.51478 | AA135: =Z135/Screen_Margini!$G$17 -> 17.209216 | AB135: =X135*AB$5 -> 86.673552 | AC135: =X135*AC$5 -> 41.055893 | AD135: =X135*AD$5 -> 31.932361 | AH135: ASCOLI PICENO | AI135: =IFERROR(VLOOKUP($B135,'FCST Sales'!$A$3:$AG$180,Interprete_Date!$B$17,0),0) -> 41668.862
B136: BARI 1 | C136: =IFERROR(VLOOKUP($B136,'BDGT McAfee'!$AZ$6:$BD$190,4,0),0) -> 355.35 | D136: =C136/30 -> 11.845 | I136: BARI 1 | J136: =K136*$J$5 -> 5764.0043 | K136: =IFERROR(VLOOKUP($B136,'BDGT Polizze MTD'!$A$3:$AF$175,Interprete_Date!$B$17,0),0) -> 3113.1538 | L136: =IFERROR((AI136*Kerb_Realtime!$CD$3/Kerb_Realtime!$CE$3),0) -> 29.904349 | P136: BARI 1 | Q136: =IFERROR(VLOOKUP($B136,'BDGT Office'!$C$3:$F$180,3,0),0) -> 60 | R136: =Q136/30 -> 2 | V136: BARI 1 | W136: =(Y136-Z136)+X136 -> 962.70684 | X136: =IFERROR(VLOOKUP($B136,'BDGT MW Services MTD'!$A$3:$AF$174,Interprete_Date!$B$17,0),0) -> 631.1466 | Y136: =Z136*$Y$5 -> 741.80553 | Z136: =X136*Z$5 -> 410.24529 | AA136: =Z136/Screen_Margini!$G$17 -> 23.809941 | AB136: =X136*AB$5 -> 119.91785 | AC136: =X136*AC$5 -> 56.803194 | AD136: =X136*AD$5 -> 44.180262 | AH136: BARI 1 | AI136: =IFERROR(VLOOKUP($B136,'FCST Sales'!$A$3:$AG$180,Interprete_Date!$B$17,0),0) -> 75914.327
B137: BARI 2 | C137: =IFERROR(VLOOKUP($B137,'BDGT McAfee'!$AZ$6:$BD$190,4,0),0) -> 215.61649 | D137: =C137/30 -> 7.1872164 | I137: BARI 2 | J137: =K137*$J$5 -> 3294.2886 | K137: =IFERROR(VLOOKUP($B137,'BDGT Polizze MTD'!$A$3:$AF$175,Interprete_Date!$B$17,0),0) -> 1779.2539 | L137: =IFERROR((AI137*Kerb_Realtime!$CD$3/Kerb_Realtime!$CE$3),0) -> 19.01334 | P137: BARI 2 | Q137: =IFERROR(VLOOKUP($B137,'BDGT Office'!$C$3:$F$180,3,0),0) -> 27.6 | R137: =Q137/30 -> 0.92 | V137: BARI 2 | W137: =(Y137-Z137)+X137 -> 612.86405 | X137: =IFERROR(VLOOKUP($B137,'BDGT MW Services MTD'!$A$3:$AF$174,Interprete_Date!$B$17,0),0) -> 401.79112 | Y137: =Z137*$Y$5 -> 472.23716 | Z137: =X137*Z$5 -> 261.16423 | AA137: =Z137/Screen_Margini!$G$17 -> 15.157529 | AB137: =X137*AB$5 -> 76.340312 | AC137: =X137*AC$5 -> 36.161201 | AD137: =X137*AD$5 -> 28.125378 | AH137: BARI 2 | AI137: =IFERROR(VLOOKUP($B137,'FCST Sales'!$A$3:$AG$180,Interprete_Date!$B$17,0),0) -> 48266.72
B138: BARI BLU | C138: =IFERROR(VLOOKUP($B138,'BDGT McAfee'!$AZ$6:$BD$190,4,0),0) -> 95.492124 | D138: =C138/30 -> 3.1830708 | I138: BARI BLU | J138: =K138*$J$5 -> 1675.1824 | K138: =IFERROR(VLOOKUP($B138,'BDGT Polizze MTD'!$A$3:$AF$175,Interprete_Date!$B$17,0),0) -> 904.7704 | L138: =IFERROR((AI138*Kerb_Realtime!$CD$3/Kerb_Realtime!$CE$3),0) -> 9.1031109 | P138: BARI BLU | Q138: =IFERROR(VLOOKUP($B138,'BDGT Office'!$C$3:$F$180,3,0),0) -> 4.8 | R138: =Q138/30 -> 0.16 | V138: BARI BLU | W138: =(Y138-Z138)+X138 -> 291.16372 | X138: =IFERROR(VLOOKUP($B138,'BDGT MW Services MTD'!$A$3:$AF$174,Interprete_Date!$B$17,0),0) -> 190.88572 | Y138: =Z138*$Y$5 -> 224.35371 | Z138: =X138*Z$5 -> 124.07572 | AA138: =Z138/Screen_Margini!$G$17 -> 7.2011444 | AB138: =X138*AB$5 -> 36.268287 | AC138: =X138*AC$5 -> 17.179715 | AD138: =X138*AD$5 -> 13.362 | AH138: BARI BLU | AI138: =IFERROR(VLOOKUP($B138,'FCST Sales'!$A$3:$AG$180,Interprete_Date!$B$17,0),0) -> 23108.897
B139: BENEVENTO | C139: =IFERROR(VLOOKUP($B139,'BDGT McAfee'!$AZ$6:$BD$190,4,0),0) -> 138.00805 | D139: =C139/30 -> 4.6002684 | I139: BENEVENTO | J139: =K139*$J$5 -> 1775.4616 | K139: =IFERROR(VLOOKUP($B139,'BDGT Polizze MTD'!$A$3:$AF$175,Interprete_Date!$B$17,0),0) -> 958.93144 | L139: =IFERROR((AI139*Kerb_Realtime!$CD$3/Kerb_Realtime!$CE$3),0) -> 10.594476 | P139: BENEVENTO | Q139: =IFERROR(VLOOKUP($B139,'BDGT Office'!$C$3:$F$180,3,0),0) -> 22.8 | R139: =Q139/30 -> 0.76 | V139: BENEVENTO | W139: =(Y139-Z139)+X139 -> 369.43673 | X139: =IFERROR(VLOOKUP($B139,'BDGT MW Services MTD'!$A$3:$AF$174,Interprete_Date!$B$17,0),0) -> 242.20118 | Y139: =Z139*$Y$5 -> 284.66631 | Z139: =X139*Z$5 -> 157.43077 | AA139: =Z139/Screen_Margini!$G$17 -> 9.1370149 | AB139: =X139*AB$5 -> 46.018224 | AC139: =X139*AC$5 -> 21.798106 | AD139: =X139*AD$5 -> 16.954083 | AH139: BENEVENTO | AI139: =IFERROR(VLOOKUP($B139,'FCST Sales'!$A$3:$AG$180,Interprete_Date!$B$17,0),0) -> 26894.833
B140: BRINDISI | C140: =IFERROR(VLOOKUP($B140,'BDGT McAfee'!$AZ$6:$BD$190,4,0),0) -> 130.58464 | D140: =C140/30 -> 4.3528212 | I140: BRINDISI | J140: =K140*$J$5 -> 2018.5862 | K140: =IFERROR(VLOOKUP($B140,'BDGT Polizze MTD'!$A$3:$AF$175,Interprete_Date!$B$17,0),0) -> 1090.2437 | L140: =IFERROR((AI140*Kerb_Realtime!$CD$3/Kerb_Realtime!$CE$3),0) -> 12.173944 | P140: BRINDISI | Q140: =IFERROR(VLOOKUP($B140,'BDGT Office'!$C$3:$F$180,3,0),0) -> 12 | R140: =Q140/30 -> 0.4 | V140: BRINDISI | W140: =(Y140-Z140)+X140 -> 397.81263 | X140: =IFERROR(VLOOKUP($B140,'BDGT MW Services MTD'!$A$3:$AF$174,Interprete_Date!$B$17,0),0) -> 260.8043 | Y140: =Z140*$Y$5 -> 306.53112 | Z140: =X140*Z$5 -> 169.5228 | AA140: =Z140/Screen_Margini!$G$17 -> 9.8388159 | AB140: =X140*AB$5 -> 49.552818 | AC140: =X140*AC$5 -> 23.472387 | AD140: =X140*AD$5 -> 18.256301 | AH140: BRINDISI | AI140: =IFERROR(VLOOKUP($B140,'FCST Sales'!$A$3:$AG$180,Interprete_Date!$B$17,0),0) -> 30904.426
B141: CASERTA | C141: =IFERROR(VLOOKUP($B141,'BDGT McAfee'!$AZ$6:$BD$190,4,0),0) -> 221.6902 | D141: =C141/30 -> 7.3896732 | I141: CASERTA | J141: =K141*$J$5 -> 3338.2667 | K141: =IFERROR(VLOOKUP($B141,'BDGT Polizze MTD'!$A$3:$AF$175,Interprete_Date!$B$17,0),0) -> 1803.0066 | L141: =IFERROR((AI141*Kerb_Realtime!$CD$3/Kerb_Realtime!$CE$3),0) -> 18.479296 | P141: CASERTA | Q141: =IFERROR(VLOOKUP($B141,'BDGT Office'!$C$3:$F$180,3,0),0) -> 36 | R141: =Q141/30 -> 1.2 | V141: CASERTA | W141: =(Y141-Z141)+X141 -> 558.86775 | X141: =IFERROR(VLOOKUP($B141,'BDGT MW Services MTD'!$A$3:$AF$174,Interprete_Date!$B$17,0),0) -> 366.39137 | Y141: =Z141*$Y$5 -> 430.63077 | Z141: =X141*Z$5 -> 238.15439 | AA141: =Z141/Screen_Margini!$G$17 -> 13.822077 | AB141: =X141*AB$5 -> 69.614361 | AC141: =X141*AC$5 -> 32.975224 | AD141: =X141*AD$5 -> 25.647396 | AH141: CASERTA | AI141: =IFERROR(VLOOKUP($B141,'FCST Sales'!$A$3:$AG$180,Interprete_Date!$B$17,0),0) -> 46911.013
B142: CATANZARO | C142: =IFERROR(VLOOKUP($B142,'BDGT McAfee'!$AZ$6:$BD$190,4,0),0) -> 182.71726 | D142: =C142/30 -> 6.0905754 | I142: CATANZARO | J142: =K142*$J$5 -> 2529.5078 | K142: =IFERROR(VLOOKUP($B142,'BDGT Polizze MTD'!$A$3:$AF$175,Interprete_Date!$B$17,0),0) -> 1366.1938 | L142: =IFERROR((AI142*Kerb_Realtime!$CD$3/Kerb_Realtime!$CE$3),0) -> 14.998761 | P142: CATANZARO | Q142: =IFERROR(VLOOKUP($B142,'BDGT Office'!$C$3:$F$180,3,0),0) -> 31.2 | R142: =Q142/30 -> 1.04 | V142: CATANZARO | W142: =(Y142-Z142)+X142 -> 493.81206 | X142: =IFERROR(VLOOKUP($B142,'BDGT MW Services MTD'!$A$3:$AF$174,Interprete_Date!$B$17,0),0) -> 323.74113 | Y142: =Z142*$Y$5 -> 380.50266 | Z142: =X142*Z$5 -> 210.43173 | AA142: =Z142/Screen_Margini!$G$17 -> 12.213101 | AB142: =X142*AB$5 -> 61.510815 | AC142: =X142*AC$5 -> 29.136702 | AD142: =X142*AD$5 -> 22.661879 | AH142: CATANZARO | AI142: =IFERROR(VLOOKUP($B142,'FCST Sales'!$A$3:$AG$180,Interprete_Date!$B$17,0),0) -> 38075.425
B143: CHIETI | C143: =IFERROR(VLOOKUP($B143,'BDGT McAfee'!$AZ$6:$BD$190,4,0),0) -> 284.28 | D143: =C143/30 -> 9.476 | I143: CHIETI | J143: =K143*$J$5 -> 2630.4721 | K143: =IFERROR(VLOOKUP($B143,'BDGT Polizze MTD'!$A$3:$AF$175,Interprete_Date!$B$17,0),0) -> 1420.7249 | L143: =IFERROR((AI143*Kerb_Realtime!$CD$3/Kerb_Realtime!$CE$3),0) -> 15.864182 | P143: CHIETI | Q143: =IFERROR(VLOOKUP($B143,'BDGT Office'!$C$3:$F$180,3,0),0) -> 42 | R143: =Q143/30 -> 1.4 | V143: CHIETI | W143: =(Y143-Z143)+X143 -> 652.70367 | X143: =IFERROR(VLOOKUP($B143,'BDGT MW Services MTD'!$A$3:$AF$174,Interprete_Date!$B$17,0),0) -> 427.90981 | Y143: =Z143*$Y$5 -> 502.93524 | Z143: =X143*Z$5 -> 278.14138 | AA143: =Z143/Screen_Margini!$G$17 -> 16.142854 | AB143: =X143*AB$5 -> 81.302864 | AC143: =X143*AC$5 -> 38.511883 | AD143: =X143*AD$5 -> 29.953687 | AH143: CHIETI | AI143: =IFERROR(VLOOKUP($B143,'FCST Sales'!$A$3:$AG$180,Interprete_Date!$B$17,0),0) -> 40272.359
B144: CORRIDONIA | C144: =IFERROR(VLOOKUP($B144,'BDGT McAfee'!$AZ$6:$BD$190,4,0),0) -> 46.058922 | D144: =C144/30 -> 1.5352974 | I144: CORRIDONIA | J144: =K144*$J$5 -> 1262.6717 | K144: =IFERROR(VLOOKUP($B144,'BDGT Polizze MTD'!$A$3:$AF$175,Interprete_Date!$B$17,0),0) -> 681.97228 | L144: =IFERROR((AI144*Kerb_Realtime!$CD$3/Kerb_Realtime!$CE$3),0) -> 7.8723706 | P144: CORRIDONIA | Q144: =IFERROR(VLOOKUP($B144,'BDGT Office'!$C$3:$F$180,3,0),0) -> 1.2 | R144: =Q144/30 -> 0.04 | V144: CORRIDONIA | W144: =(Y144-Z144)+X144 -> 306.20032 | X144: =IFERROR(VLOOKUP($B144,'BDGT MW Services MTD'!$A$3:$AF$174,Interprete_Date!$B$17,0),0) -> 200.74366 | Y144: =Z144*$Y$5 -> 235.94004 | Z144: =X144*Z$5 -> 130.48338 | AA144: =Z144/Screen_Margini!$G$17 -> 7.573034 | AB144: =X144*AB$5 -> 38.141295 | AC144: =X144*AC$5 -> 18.066929 | AD144: =X144*AD$5 -> 14.052056 | AH144: CORRIDONIA | AI144: =IFERROR(VLOOKUP($B144,'FCST Sales'!$A$3:$AG$180,Interprete_Date!$B$17,0),0) -> 19984.575
B145: COSENZA | C145: =IFERROR(VLOOKUP($B145,'BDGT McAfee'!$AZ$6:$BD$190,4,0),0) -> 227.93261 | D145: =C145/30 -> 7.5977538 | I145: COSENZA | J145: =K145*$J$5 -> 3928.7336 | K145: =IFERROR(VLOOKUP($B145,'BDGT Polizze MTD'!$A$3:$AF$175,Interprete_Date!$B$17,0),0) -> 2121.9193 | L145: =IFERROR((AI145*Kerb_Realtime!$CD$3/Kerb_Realtime!$CE$3),0) -> 27.600842 | P145: COSENZA | Q145: =IFERROR(VLOOKUP($B145,'BDGT Office'!$C$3:$F$180,3,0),0) -> 31.2 | R145: =Q145/30 -> 1.04 | V145: COSENZA | W145: =(Y145-Z145)+X145 -> 844.76509 | X145: =IFERROR(VLOOKUP($B145,'BDGT MW Services MTD'!$A$3:$AF$174,Interprete_Date!$B$17,0),0) -> 553.82448 | Y145: =Z145*$Y$5 -> 650.92652 | Z145: =X145*Z$5 -> 359.98591 | AA145: =Z145/Screen_Margini!$G$17 -> 20.892972 | AB145: =X145*AB$5 -> 105.22665 | AC145: =X145*AC$5 -> 49.844203 | AD145: =X145*AD$5 -> 38.767713 | AH145: COSENZA | AI145: =IFERROR(VLOOKUP($B145,'FCST Sales'!$A$3:$AG$180,Interprete_Date!$B$17,0),0) -> 70066.708
... B155: TERAMO | C155: =IFERROR(VLOOKUP($B155,'BDGT McAfee'!$AZ$6:$BD$190,4,0),0) -> 142.05719 | D155: =C155/30 -> 4.7352396 | I155: TERAMO | J155: =K155*$J$5 -> 1804.9713 | K155: =IFERROR(VLOOKUP($B155,'BDGT Polizze MTD'!$A$3:$AF$175,Interprete_Date!$B$17,0),0) -> 974.8697 | L155: =IFERROR((AI155*Kerb_Realtime!$CD$3/Kerb_Realtime!$CE$3),0) -> 10.885648 | P155: TERAMO | Q155: =IFERROR(VLOOKUP($B155,'BDGT Office'!$C$3:$F$180,3,0),0) -> 20.4 | R155: =Q155/30 -> 0.68 | V155: TERAMO | W155: =(Y155-Z155)+X155 -> 434.3785 | X155: =IFERROR(VLOOKUP($B155,'BDGT MW Services MTD'!$A$3:$AF$174,Interprete_Date!$B$17,0),0) -> 284.77674 | Y155: =Z155*$Y$5 -> 334.70664 | Z155: =X155*Z$5 -> 185.10488 | AA155: =Z155/Screen_Margini!$G$17 -> 10.743174 | AB155: =X155*AB$5 -> 54.10758 | AC155: =X155*AC$5 -> 25.629906 | AD155: =X155*AD$5 -> 19.934372 | AH155: TERAMO | AI155: =IFERROR(VLOOKUP($B155,'FCST Sales'!$A$3:$AG$180,Interprete_Date!$B$17,0),0) -> 27633.995
B158: TOT Area SMART | C158: =SUM(C162:C169) -> 276.17431 | D158: =SUM(D160:D169) -> 11.927379 | I158: TOT Area SMART | J158: =SUM(J160:J169) -> 6683.4865 | K158: =SUM(K160:K169) -> 3609.7686 | L158: =SUM(L160:L169) -> 34.3062 | P158: TOT Area SMART | Q158: =SUM(Q162:Q169) -> 62.4 | R158: =SUM(R160:R169) -> 2.48 | V158: TOT Area SMART | W158: =SUM(W160:W169) -> 1387.9906 | X158: =SUM(X160:X169) -> 909.96089 | Y158: =SUM(Y160:Y169) -> 1069.5043 | Z158: =SUM(Z160:Z169) -> 591.47458 | AA158: =SUM(AA160:AA169) -> 34.328182 | AB158: =SUM(AB160:AB169) -> 172.89257 | AC158: =SUM(AC160:AC169) -> 81.89648 | AD158: =SUM(AD160:AD169) -> 63.697262 | AH158: TOT Area SMART | AI158: =SUM(AI160:AI169) -> 87088.74
B160: BERGAMO CHORUS LIFE SMART | C160: =IFERROR(VLOOKUP($B160,'BDGT McAfee'!$AZ$6:$BD$190,4,0),0) -> 43.02207 | D160: =C160/30 -> 1.434069 | I160: BERGAMO CHORUS LIFE SMART | J160: =K160*$J$5 -> 652.58595 | K160: =IFERROR(VLOOKUP($B160,'BDGT Polizze MTD'!$A$3:$AF$175,Interprete_Date!$B$17,0),0) -> 352.46338 | L160: =IFERROR((AI160*Kerb_Realtime!$CD$3/Kerb_Realtime!$CE$3),0) -> 3.2299093 | P160: BERGAMO CHORUS LIFE SMART | Q160: =IFERROR(VLOOKUP($B160,'BDGT Office'!$C$3:$F$180,3,0),0) -> 3.6 | R160: =Q160/30 -> 0.12 | V160: BERGAMO CHORUS LIFE SMART | W160: =(Y160-Z160)+X160 -> 135.90161 | X160: =IFERROR(VLOOKUP($B160,'BDGT MW Services MTD'!$A$3:$AF$174,Interprete_Date!$B$17,0),0) -> 89.096531 | Y160: =Z160*$Y$5 -> 104.71783 | Z160: =X160*Z$5 -> 57.912745 | AA160: =Z160/Screen_Margini!$G$17 -> 3.3611576 | AB160: =X160*AB$5 -> 16.928341 | AC160: =X160*AC$5 -> 8.0186878 | AD160: =X160*AD$5 -> 6.2367572 | AH160: BERGAMO CHORUS LIFE SMART | AI160: =IFERROR(VLOOKUP($B160,'FCST Sales'!$A$3:$AG$180,Interprete_Date!$B$17,0),0) -> 8199.3554
B161: BOLZANO SMART | C161: =IFERROR(VLOOKUP($B161,'BDGT McAfee'!$AZ$6:$BD$190,4,0),0) -> 38.625 | D161: =C161/30 -> 1.2875 | I161: BOLZANO SMART | J161: =K161*$J$5 -> 1008.41 | K161: =IFERROR(VLOOKUP($B161,'BDGT Polizze MTD'!$A$3:$AF$175,Interprete_Date!$B$17,0),0) -> 544.64489 | L161: =IFERROR((AI161*Kerb_Realtime!$CD$3/Kerb_Realtime!$CE$3),0) -> 4.349192 | P161: BOLZANO SMART | Q161: =IFERROR(VLOOKUP($B161,'BDGT Office'!$C$3:$F$180,3,0),0) -> 8.4 | R161: =Q161/30 -> 0.28 | V161: BOLZANO SMART | W161: =(Y161-Z161)+X161 -> 181.96577 | X161: =IFERROR(VLOOKUP($B161,'BDGT MW Services MTD'!$A$3:$AF$174,Interprete_Date!$B$17,0),0) -> 119.296 | Y161: =Z161*$Y$5 -> 140.21217 | Z161: =X161*Z$5 -> 77.542402 | AA161: =Z161/Screen_Margini!$G$17 -> 4.5004296 | AB161: =X161*AB$5 -> 22.666241 | AC161: =X161*AC$5 -> 10.73664 | AD161: =X161*AD$5 -> 8.3507203 | AH161: BOLZANO SMART | AI161: =IFERROR(VLOOKUP($B161,'FCST Sales'!$A$3:$AG$180,Interprete_Date!$B$17,0),0) -> 11040.734
B162: GENOVA SMART | C162: =IFERROR(VLOOKUP($B162,'BDGT McAfee'!$AZ$6:$BD$190,4,0),0) -> 43.02207 | D162: =C162/30 -> 1.434069 | I162: GENOVA SMART | J162: =K162*$J$5 -> 652.58595 | K162: =IFERROR(VLOOKUP($B162,'BDGT Polizze MTD'!$A$3:$AF$175,Interprete_Date!$B$17,0),0) -> 352.46338 | L162: =IFERROR((AI162*Kerb_Realtime!$CD$3/Kerb_Realtime!$CE$3),0) -> 3.4777415 | P162: GENOVA SMART | Q162: =IFERROR(VLOOKUP($B162,'BDGT Office'!$C$3:$F$180,3,0),0) -> 3.6 | R162: =Q162/30 -> 0.12 | V162: GENOVA SMART | W162: =(Y162-Z162)+X162 -> 135.90161 | X162: =IFERROR(VLOOKUP($B162,'BDGT MW Services MTD'!$A$3:$AF$174,Interprete_Date!$B$17,0),0) -> 89.096531 | Y162: =Z162*$Y$5 -> 104.71783 | Z162: =X162*Z$5 -> 57.912745 | AA162: =Z162/Screen_Margini!$G$17 -> 3.3611576 | AB162: =X162*AB$5 -> 16.928341 | AC162: =X162*AC$5 -> 8.0186878 | AD162: =X162*AD$5 -> 6.2367572 | AH162: GENOVA SMART | AI162: =IFERROR(VLOOKUP($B162,'FCST Sales'!$A$3:$AG$180,Interprete_Date!$B$17,0),0) -> 8828.4952
B163: PARMA SMART | C163: =IFERROR(VLOOKUP($B163,'BDGT McAfee'!$AZ$6:$BD$190,4,0),0) -> 20.583108 | D163: =C163/30 -> 0.6861036 | I163: PARMA SMART | J163: =K163*$J$5 -> 633.88772 | K163: =IFERROR(VLOOKUP($B163,'BDGT Polizze MTD'!$A$3:$AF$175,Interprete_Date!$B$17,0),0) -> 342.36442 | L163: =IFERROR((AI163*Kerb_Realtime!$CD$3/Kerb_Realtime!$CE$3),0) -> 3.2801544 | P163: PARMA SMART | Q163: =IFERROR(VLOOKUP($B163,'BDGT Office'!$C$3:$F$180,3,0),0) -> 2.4 | R163: =Q163/30 -> 0.08 | V163: PARMA SMART | W163: =(Y163-Z163)+X163 -> 123.44621 | X163: =IFERROR(VLOOKUP($B163,'BDGT MW Services MTD'!$A$3:$AF$174,Interprete_Date!$B$17,0),0) -> 80.93082 | Y163: =Z163*$Y$5 -> 95.120421 | Z163: =X163*Z$5 -> 52.605033 | AA163: =Z163/Screen_Margini!$G$17 -> 3.053107 | AB163: =X163*AB$5 -> 15.376856 | AC163: =X163*AC$5 -> 7.2837738 | AD163: =X163*AD$5 -> 5.6651574 | AH163: PARMA SMART | AI163: =IFERROR(VLOOKUP($B163,'FCST Sales'!$A$3:$AG$180,Interprete_Date!$B$17,0),0) -> 8326.9063
B164: REGGIO CALABRIA SMART | C164: =IFERROR(VLOOKUP($B164,'BDGT McAfee'!$AZ$6:$BD$190,4,0),0) -> 47.746062 | D164: =C164/30 -> 1.5915354 | I164: REGGIO CALABRIA SMART | J164: =K164*$J$5 -> 512.80725 | K164: =IFERROR(VLOOKUP($B164,'BDGT Polizze MTD'!$A$3:$AF$175,Interprete_Date!$B$17,0),0) -> 276.96854 | L164: =IFERROR((AI164*Kerb_Realtime!$CD$3/Kerb_Realtime!$CE$3),0) -> 2.9649257 | P164: REGGIO CALABRIA SMART | Q164: =IFERROR(VLOOKUP($B164,'BDGT Office'!$C$3:$F$180,3,0),0) -> 7.2 | R164: =Q164/30 -> 0.24 | V164: REGGIO CALABRIA SMART | W164: =(Y164-Z164)+X164 -> 121.97558 | X164: =IFERROR(VLOOKUP($B164,'BDGT MW Services MTD'!$A$3:$AF$174,Interprete_Date!$B$17,0),0) -> 79.966682 | Y164: =Z164*$Y$5 -> 93.987241 | Z164: =X164*Z$5 -> 51.978343 | AA164: =Z164/Screen_Margini!$G$17 -> 3.016735 | AB164: =X164*AB$5 -> 15.19367 | AC164: =X164*AC$5 -> 7.1970014 | AD164: =X164*AD$5 -> 5.5976678 | AH164: REGGIO CALABRIA SMART | AI164: =IFERROR(VLOOKUP($B164,'FCST Sales'!$A$3:$AG$180,Interprete_Date!$B$17,0),0) -> 7526.6757
B165: REGGIO EMILIA SMART | C165: =IFERROR(VLOOKUP($B165,'BDGT McAfee'!$AZ$6:$BD$190,4,0),0) -> 38.625 | D165: =C165/30 -> 1.2875 | I165: REGGIO EMILIA SMART | J165: =K165*$J$5 -> 553.29857 | K165: =IFERROR(VLOOKUP($B165,'BDGT Polizze MTD'!$A$3:$AF$175,Interprete_Date!$B$17,0),0) -> 298.83801 | L165: =IFERROR((AI165*Kerb_Realtime!$CD$3/Kerb_Realtime!$CE$3),0) -> 2.2544992 | P165: REGGIO EMILIA SMART | Q165: =IFERROR(VLOOKUP($B165,'BDGT Office'!$C$3:$F$180,3,0),0) -> 8.4 | R165: =Q165/30 -> 0.28 | V165: REGGIO EMILIA SMART | W165: =(Y165-Z165)+X165 -> 91.202725 | X165: =IFERROR(VLOOKUP($B165,'BDGT MW Services MTD'!$A$3:$AF$174,Interprete_Date!$B$17,0),0) -> 59.792127 | Y165: =Z165*$Y$5 -> 70.275481 | Z165: =X165*Z$5 -> 38.864883 | AA165: =Z165/Screen_Margini!$G$17 -> 2.2556519 | AB165: =X165*AB$5 -> 11.360504 | AC165: =X165*AC$5 -> 5.3812915 | AD165: =X165*AD$5 -> 4.1854489 | AH165: REGGIO EMILIA SMART | AI165: =IFERROR(VLOOKUP($B165,'FCST Sales'!$A$3:$AG$180,Interprete_Date!$B$17,0),0) -> 5723.2072
B166: ROMA LEGA LOMBARDA SMART | C166: =IFERROR(VLOOKUP($B166,'BDGT McAfee'!$AZ$6:$BD$190,4,0),0) -> 0 | D166: =C166/30 -> 0 | I166: ROMA LEGA LOMBARDA SMART | J166: =K166*$J$5 -> 817.91719 | K166: =IFERROR(VLOOKUP($B166,'BDGT Polizze MTD'!$A$3:$AF$175,Interprete_Date!$B$17,0),0) -> 441.75922 | L166: =IFERROR((AI166*Kerb_Realtime!$CD$3/Kerb_Realtime!$CE$3),0) -> 4.7408858 | P166: ROMA LEGA LOMBARDA SMART | Q166: =IFERROR(VLOOKUP($B166,'BDGT Office'!$C$3:$F$180,3,0),0) -> 12 | R166: =Q166/30 -> 0.4 | V166: ROMA LEGA LOMBARDA SMART | W166: =(Y166-Z166)+X166 -> 185.21792 | X166: =IFERROR(VLOOKUP($B166,'BDGT MW Services MTD'!$A$3:$AF$174,Interprete_Date!$B$17,0),0) -> 121.4281 | Y166: =Z166*$Y$5 -> 142.71809 | Z166: =X166*Z$5 -> 78.928264 | AA166: =Z166/Screen_Margini!$G$17 -> 4.5808627 | AB166: =X166*AB$5 -> 23.071339 | AC166: =X166*AC$5 -> 10.928529 | AD166: =X166*AD$5 -> 8.4999669 | AH166: ROMA LEGA LOMBARDA SMART | AI166: =IFERROR(VLOOKUP($B166,'FCST Sales'!$A$3:$AG$180,Interprete_Date!$B$17,0),0) -> 12035.077
B167: ROMA TUSCOLANA SMART | C167: =IFERROR(VLOOKUP($B167,'BDGT McAfee'!$AZ$6:$BD$190,4,0),0) -> 60.062184 | D167: =C167/30 -> 2.0020728 | I167: ROMA TUSCOLANA SMART | J167: =K167*$J$5 -> 728.26542 | K167: =IFERROR(VLOOKUP($B167,'BDGT Polizze MTD'!$A$3:$AF$175,Interprete_Date!$B$17,0),0) -> 393.33806 | L167: =IFERROR((AI167*Kerb_Realtime!$CD$3/Kerb_Realtime!$CE$3),0) -> 4.3182641 | P167: ROMA TUSCOLANA SMART | Q167: =IFERROR(VLOOKUP($B167,'BDGT Office'!$C$3:$F$180,3,0),0) -> 12 | R167: =Q167/30 -> 0.4 | V167: ROMA TUSCOLANA SMART | W167: =(Y167-Z167)+X167 -> 179.60138 | X167: =IFERROR(VLOOKUP($B167,'BDGT MW Services MTD'!$A$3:$AF$174,Interprete_Date!$B$17,0),0) -> 117.74592 | Y167: =Z167*$Y$5 -> 138.39031 | Z167: =X167*Z$5 -> 76.534847 | AA167: =Z167/Screen_Margini!$G$17 -> 4.4419528 | AB167: =X167*AB$5 -> 22.371724 | AC167: =X167*AC$5 -> 10.597133 | AD167: =X167*AD$5 -> 8.2422142 | AH167: ROMA TUSCOLANA SMART | AI167: =IFERROR(VLOOKUP($B167,'FCST Sales'!$A$3:$AG$180,Interprete_Date!$B$17,0),0) -> 10962.222
B168: TORINO CASTELLO SMART | C168: =IFERROR(VLOOKUP($B168,'BDGT McAfee'!$AZ$6:$BD$190,4,0),0) -> 41.166216 | D168: =C168/30 -> 1.3722072 | I168: TORINO CASTELLO SMART | J168: =K168*$J$5 -> 570.42989 | K168: =IFERROR(VLOOKUP($B168,'BDGT Polizze MTD'!$A$3:$AF$175,Interprete_Date!$B$17,0),0) -> 308.09068 | L168: =IFERROR((AI168*Kerb_Realtime!$CD$3/Kerb_Realtime!$CE$3),0) -> 3.4038495 | P168: TORINO CASTELLO SMART | Q168: =IFERROR(VLOOKUP($B168,'BDGT Office'!$C$3:$F$180,3,0),0) -> 8.4 | R168: =Q168/30 -> 0.28 | V168: TORINO CASTELLO SMART | W168: =(Y168-Z168)+X168 -> 141.57511 | X168: =IFERROR(VLOOKUP($B168,'BDGT MW Services MTD'!$A$3:$AF$174,Interprete_Date!$B$17,0),0) -> 92.816054 | Y168: =Z168*$Y$5 -> 109.08949 | Z168: =X168*Z$5 -> 60.330435 | AA168: =Z168/Screen_Margini!$G$17 -> 3.5014762 | AB168: =X168*AB$5 -> 17.63505 | AC168: =X168*AC$5 -> 8.3534449 | AD168: =X168*AD$5 -> 6.4971238 | AH168: TORINO CASTELLO SMART | AI168: =IFERROR(VLOOKUP($B168,'FCST Sales'!$A$3:$AG$180,Interprete_Date!$B$17,0),0) -> 8640.9151
B169: VARESE SMART | C169: =IFERROR(VLOOKUP($B169,'BDGT McAfee'!$AZ$6:$BD$190,4,0),0) -> 24.969672 | D169: =C169/30 -> 0.8323224 | I169: VARESE SMART | J169: =K169*$J$5 -> 553.29857 | K169: =IFERROR(VLOOKUP($B169,'BDGT Polizze MTD'!$A$3:$AF$175,Interprete_Date!$B$17,0),0) -> 298.83801 | L169: =IFERROR((AI169*Kerb_Realtime!$CD$3/Kerb_Realtime!$CE$3),0) -> 2.2867788 | P169: VARESE SMART | Q169: =IFERROR(VLOOKUP($B169,'BDGT Office'!$C$3:$F$180,3,0),0) -> 8.4 | R169: =Q169/30 -> 0.28 | V169: VARESE SMART | W169: =(Y169-Z169)+X169 -> 91.202725 | X169: =IFERROR(VLOOKUP($B169,'BDGT MW Services MTD'!$A$3:$AF$174,Interprete_Date!$B$17,0),0) -> 59.792127 | Y169: =Z169*$Y$5 -> 70.275481 | Z169: =X169*Z$5 -> 38.864883 | AA169: =Z169/Screen_Margini!$G$17 -> 2.2556519 | AB169: =X169*AB$5 -> 11.360504 | AC169: =X169*AC$5 -> 5.3812915 | AD169: =X169*AD$5 -> 4.1854489 | AH169: VARESE SMART | AI169: =IFERROR(VLOOKUP($B169,'FCST Sales'!$A$3:$AG$180,Interprete_Date!$B$17,0),0) -> 5805.1513
B172: TOT Area XPRESS | C172: =SUM(C174:C190) -> 714.91711 | D172: =SUM(D174:D190) -> 23.83057 | I172: TOT Area XPRESS | J172: =SUM(J174:J190) -> 11666.879 | K172: =SUM(K174:K190) -> 6301.3118 | L172: =SUM(L174:L190) -> 65.56865 | P172: TOT Area XPRESS | Q172: =SUM(Q174:Q190) -> 142.8 | R172: =SUM(R174:R190) -> 4.76 | V172: TOT Area XPRESS | W172: =SUM(W174:W190) -> 2463.581 | X172: =SUM(X174:X190) -> 1615.1134 | Y172: =SUM(Y174:Y190) -> 1898.2913 | Z172: =SUM(Z174:Z190) -> 1049.8237 | AA172: =SUM(AA174:AA190) -> 60.92999 | AB172: =SUM(AB174:AB190) -> 306.87155 | AC172: =SUM(AC174:AC190) -> 145.36021 | AD172: =SUM(AD174:AD190) -> 113.05794 | AH172: TOT Area XPRESS | AI172: =SUM(AI174:AI190) -> 166450.7
...

Sheet Kerb_Realtime
A1: McAfee | K1: Protection | T1: Office - Microsoft 365 | AC1: MW Services | AS1: Sales - FCST, Realtime e AP | BG1: Pedonabilità vs AP | BP1: OWN BRANDS | BZ1: Protection Under 300 | CK1: Backup & Trasferimento Dati | CT1: iPhone
B2: =Progressivo_Giornaliero!A2 -> Dati Aggiornati al 30/07/2026 23:23:23 | C2: Obiettivo Pezzi AGO 2026 | D2: Obiettivo Pezzi OGGI | E2: Realizzato Pezzi OGGI | F2: Pezzi Mancanti o fatti in più OGGI | G2: % | L2: =B2 -> Dati Aggiornati al 30/07/2026 23:23:23 | M2: Obiettivo EBIT Oggi | O2: Realizzato EBIT Protection OGGI | P2: EBIT Mancante o in più OGGI | Q2: % | U2: =B2 -> Dati Aggiornati al 30/07/2026 23:23:23 | V2: Obiettivo Pezzi AGO 2026 | W2: Obiettivo Pezzi OGGI | X2: Realizzato Pezzi OGGI | Y2: Pezzi Mancanti o fatti in più OGGI | Z2: % | AD2: =B2 -> Dati Aggiornati al 30/07/2026 23:23:23 | AE2: Screen Protection - PEZZI | AI2: RTU / Calibrazioni | AM2: Obiettivo EBIT Oggi | AN2: Realizzato EBIT OGGI | AO2: EBIT Mancante o in più OGGI | AP2: % | AT2: =B2 -> Dati Aggiornati al 30/07/2026 23:23:23 | AU2: FCST Sales | AV2: Imponibile Realtime OGGI | AW2: Diff. Realtime vs FCST Sales | AY2: % vs FCST | AZ2: Imponibile Realtime AP | BA2: Imponibile realtime OGGI | BB2: Differenza Realtime vs AP | BD2: % vs AP Realtime | BH2: =AT2 -> Dati Aggiornati al 30/07/2026 23:23:23 | BI2: Ingressi realtime AP | BJ2: Ingressi realtime OGGI | BK2: Differenza realtime vs AP | BM2: % | BQ2: =BH2 -> Dati Aggiornati al 30/07/2026 23:23:23 | BR2: Sales OB Realtime | BT2: % vs Total Sales | BW2: : | BX2: Incid% | CA2: 0.5625 | CB2: Obiettivo PEZZI Oggi | CC2: Obiettivo TOT Sales OGGI | CD2: Ipotesi Sales Under vs INC Target | CE2: Pr Medio Under MAR25 | CF2: Realizzato PEZZI Under OGGI | CG2: PEZZI Mancanti o in più OGGI | CH2: : | CL2: =CA2 -> 0.5625 | CM2: EBIT Realtime | CN2: Sales Smartphone Realtime | CO2: PEZZI Smartphone Realtime | CP2: % EBIT RT Vs Sales SMTP | CQ2: % | CU2: =CA2 -> 0.5625 | CV2: Sales Realtime AC | CW2: Sales Realtime AP | CY2: % | CZ2: Pezzi Realtime AC | DA2: Pezzi Realtime AP | DC2: %
AE3: BDGT | AF3: ACT | AG3: DIFF | AH3: % | AI3: RTU PC | AJ3: TLC 1°AV | AK3: TLC .GB | AL3: CALIBR. | CD3: 0.007 | CE3: 17.77
B4: TOT Area 1 | C4: =SUM(C6:C21) -> 4250.2431 | D4: =SUM(D6:D21) -> 137.10462 | E4: =SUM(E6:E21) -> 71 | F4: =SUM(F6:F21) -> -66.104616 | G4: =E4/D4 -> 0.51785273 | L4: TOT Area 1 | M4: =SUM(M6:M21) -> 32590.748 | O4: =SUM(O6:O21) -> 17865.894 | P4: =SUM(P6:P21) -> -14724.855 | Q4: =O4/M4 -> 0.54818912 | U4: TOT Area 1 | V4: =SUM(V6:V21) -> 838.8 | W4: =SUM(W6:W21) -> 27.058065 | X4: =SUM(X6:X21) -> 10 | Y4: =SUM(Y6:Y21) -> -17.058065 | Z4: =X4/W4 -> 0.36957558 | AD4: TOT Area 1 | AE4: =SUM(AE6:AE21) -> 310.38891 | AF4: =SUM(AF6:AF21) -> 222 | AG4: =SUM(AG6:AG21) -> -88.388912 | AH4: =AF4/AE4 -> 0.71523173 | AI4: =SUM(AI6:AI21) -> 11 | AJ4: =SUM(AJ6:AJ21) -> 24 | AK4: =SUM(AK6:AK21) -> 41 | AL4: =SUM(AL6:AL21) -> 18 | AM4: =SUM(AM6:AM21) -> 8227.6938 | AN4: =SUM(AN6:AN21) -> 5884.94 | AO4: =SUM(AO6:AO21) -> -2342.7538 | AP4: =AN4/AM4 -> 0.71525997 | AT4: TOT Area 1 | AU4: =SUM(AU6:AU21) -> 911917.66 | AV4: =SUM(AV6:AV21) -> 595295.74 | AW4: =SUM(AW6:AW21) -> -316621.92 | AX4: =(AU4-AT4)/ABS(AT4) -> #VALUE! | AY4: =BA4/AU4 -> 0.6527955 | AZ4: =SUM(AZ6:AZ21) -> 585680.24 | BA4: =SUM(BA6:BA21) -> 595295.74 | BB4: =SUM(BB6:BB21) -> 9615.5 | BC4: =(BA4-AZ4)/ABS(AZ4) -> 0.016417662 | BD4: =BC4 -> 0.016417662 | BH4: TOT Area 1 | BI4: =SUM(BI6:BI21) -> 17637 | BJ4: =SUM(BJ6:BJ21) -> 18092 | BK4: =SUM(BK6:BK21) -> 455 | BL4: =(BJ4-BI4)/ABS(BI4) -> 0.025798038 | BM4: =BL4 -> 0.025798038 | BQ4: TOT Area 1 | BR4: =SUM(BR6:BR21) -> 22291.86 | BS4: =(#REF!-BR4)/ABS(BR4) -> #REF! | BT4: =BR4/AV4 -> 0.037446698 | BW4: =IFERROR(O4*1.95,0) -> 34838.493 | BX4: =BW4/BA4 -> 0.058523001 | CA4: TOT Area 1 | CB4: =SUM(CB6:CB21) -> 359.22474 | CC4: =SUM(CC6:CC21) -> 911917.66 | CD4: =SUM(CD6:CD21) -> 6383.4236 | CE4: =SUM(CE6:CE21) -> 359.22474 | CF4: =SUM(CF6:CF21) -> 66 | CG4: =SUM(CG6:CG21) -> -293.22474 | CH4: =CF4/CB4 -> 0.18372899 | CL4: TOT Area 1 | CM4: =SUM(CM6:CM21) -> 1148.94 | CN4: =SUM(CN6:CN21) -> 272393.18 | CO4: =SUM(CO6:CO21) -> 712 | CP4: =CM4/CN4 -> 0.004217947 | CQ4: =CP4 -> 0.004217947 | CU4: TOT Area 1 | CV4: =SUM(CV6:CV21) -> 143614.29 | CW4: =SUM(CW6:CW21) -> 161837.2 | CX4: =IFERROR((CV4-CW4)/ABS(CW4),0) -> -0.11260026 | CY4: =IFERROR(CX4,0) -> -0.11260026 | CZ4: =SUM(CZ6:CZ21) -> 187 | DA4: =SUM(DA6:DA21) -> 219 | DB4: =IFERROR((CZ4-DA4)/ABS(DA4),0) -> -0.14611872 | DC4: =IFERROR(DB4,0) -> -0.14611872
B6: ARESE | C6: =IFERROR(VLOOKUP($B6,'BDGT McAfee'!$AZ$6:$BD$190,4,0),0) -> 358.34854 | D6: =IFERROR(C6/31,0) -> 11.55963 | E6: =IFERROR(VLOOKUP($B6,'Trans Nomenclatura'!$A$4:$W$180,19,0),0) -> 6 | F6: =E6-D6 -> -5.5596302 | G6: =IFERROR(E6/D6,0) -> 0.51904775 | L6: ARESE | M6: =IFERROR(VLOOKUP($B6,'BDGT Polizze MTD'!$A$3:$AG$175,Interprete_Date!$B$8,0),0) -> 2949.887 | O6: =IFERROR(VLOOKUP($B6,'Trans Nomenclatura'!$A$4:$W$180,11,0),0) -> 1577.24 | P6: =IFERROR(O6-M6,-M6) -> -1372.647 | Q6: =IFERROR(O6/M6,0) -> 0.5346781 | U6: ARESE | V6: =IFERROR(VLOOKUP($B6,'BDGT Office'!$C$3:$F$180,3,0),0) -> 55.2 | W6: =IFERROR(V6/31,0) -> 1.7806452 | X6: =IFERROR(VLOOKUP($B6,'Trans Nomenclatura'!$A$4:$W$180,18,0),0) -> 0 | Y6: =X6-W6 -> -1.7806452 | Z6: =IFERROR(X6/W6,0) -> 0 | AD6: ARESE | AE6: =($AM6*Kerb_BRIEFING!$Z$5)/17.23 -> 31.349528 | AF6: =IFERROR(VLOOKUP($AD6,'Trans Nomenclatura'!$A$1:$Y$200,17,0),0) -> 22 | AG6: =AF6-AE6 -> -9.349528 | AH6: =IFERROR(AF6/AE6,0) -> 0.70176495 | AI6: =IFERROR(_xlfn.NUMBERVALUE(VLOOKUP($AD6,'Trans Nomenclatura'!$A$1:$Y$200,14,0)),0) -> 0 | AJ6: =IFERROR(_xlfn.NUMBERVALUE(VLOOKUP($AD6,'Trans Nomenclatura'!$A$1:$Y$200,16,0)),0) -> 1 | AK6: =IFERROR(_xlfn.NUMBERVALUE(VLOOKUP($AD6,'Trans Nomenclatura'!$A$1:$Y$200,15,0)),0) -> 2 | AL6: =IFERROR(_xlfn.NUMBERVALUE(VLOOKUP($AD6,'Trans Nomenclatura'!$A$1:$Y$200,20,0)),0) -> 2 | AM6: =IFERROR(VLOOKUP($B6,'BDGT MW Services MTD'!$A$3:$AF$174,Interprete_Date!$B$8,0),0) -> 831.00364 | AN6: =IFERROR(VLOOKUP($B6,'Trans Nomenclatura'!$A$4:$W$180,13,0),0) -> 515.73 | AO6: =AN6-AM6 -> -315.27364 | AP6: =IFERROR(AN6/AM6,0) -> 0.620611 | AT6: ARESE | AU6: =IFERROR(VLOOKUP($B6,'FCST Sales'!$A$3:$AF$180,Interprete_Date!$B$8,0),0) -> 78311.707 | AV6: =IFERROR(VLOOKUP($B6,'Trans Nomenclatura'!$A$4:$Y$200,3,0),0) -> 53495.47 | AW6: =AV6-AU6 -> -24816.237 | AX6: =(AU6-AT6)/ABS(AT6) -> #VALUE! | AY6: =IFERROR((BA6/AU6),0) -> 0.68310949 | AZ6: =IFERROR(VLOOKUP($B6,'Trans Nomenclatura'!$A$4:$Y$200,4,0),0) -> 44367.21 | BA6: =IFERROR(VLOOKUP($B6,'Trans Nomenclatura'!$A$4:$Y$200,3,0),0) -> 53495.47 | BB6: =BA6-AZ6 -> 9128.26 | BC6: =(BA6-AZ6)/ABS(AZ6) -> 0.20574339 | BD6: =IFERROR(BC6,0) -> 0.20574339 | BH6: ARESE | BI6: =IFERROR(VLOOKUP($B6,'Trans Nomenclatura'!$A$4:$Y$200,7,0),0) -> 2325 | BJ6: =IFERROR(VLOOKUP($B6,'Trans Nomenclatura'!$A$4:$Y$200,6,0),0) -> 2481 | BK6: =BJ6-BI6 -> 156 | BL6: =(BJ6-BI6)/ABS(BI6) -> 0.067096774 | BM6: =IFERROR(BL6,0) -> 0.067096774 | BQ6: ARESE | BR6: =IFERROR(VLOOKUP($B6,'Trans Nomenclatura'!$A$4:$Y$200,25,0),0) -> 1852.48 | BS6: =(#REF!-BR6)/ABS(BR6) -> #REF! | BT6: =IFERROR(BR6/AV6,0) -> 0.034628727 | BW6: =IFERROR(O6*1.95,0) -> 3075.618 | BX6: =BW6/BA6 -> 0.057493055 | CA6: ARESE | CB6: =CE6 -> 30.848731 | CC6: =IFERROR(VLOOKUP(CA6,'FCST Sales'!$A$3:$AG$180,Interprete_Date!$B$8,0),0) -> 78311.707 | CD6: =IFERROR(CC6*$CD$3,0) -> 548.18195 | CE6: =IFERROR(CD6/$CE$3,0) -> 30.848731 | CF6: =IFERROR(VLOOKUP($B6,U300_ACT!$B$2:$C$180,2,0),0) -> 6 | CG6: =IFERROR(CF6-CB6,0) -> -24.848731 | CH6: =IFERROR(CF6/CB6,0) -> 0.19449747 | CL6: ARESE | CM6: =IFERROR(VLOOKUP($CL6,TRASFDATI_ACT!$B$2:$E$200,2,0),0) -> 106.52 | CN6: =IFERROR(VLOOKUP($B6,Smartphone_Sales!$B$2:$D$200,2,0),0) -> 22397.59 | CO6: =IFERROR(VLOOKUP($B6,Smartphone_Sales!$B$2:$D$200,3,0),0) -> 50 | CP6: =IFERROR(CM6/CN6,0) -> 0.0047558688 | CQ6: =CP6 -> 0.0047558688 | CU6: ARESE | CV6: =IFERROR(VLOOKUP($CU6,iphone_ACT!$B$2:$F$180,2,0),0) -> 13086.43 | CW6: =IFERROR(VLOOKUP($CU6,iphone_ACT!$B$2:$F$180,3,0),0) -> 11466.38 | CX6: =IFERROR((CV6-CW6)/ABS(CW6),0) -> 0.14128696 | CY6: =IFERROR(CX6,0) -> 0.14128696 | CZ6: =IFERROR(VLOOKUP($CU6,iphone_ACT!$B$2:$F$180,4,0),0) -> 15 | DA6: =IFERROR(VLOOKUP($CU6,iphone_ACT!$B$2:$F$180,5,0),0) -> 16 | DB6: =IFERROR((CZ6-DA6)/ABS(DA6),0) -> -0.0625 | DC6: =IFERROR(DB6,0) -> -0.0625
B7: BERGAMO 1 | C7: =IFERROR(VLOOKUP($B7,'BDGT McAfee'!$AZ$6:$BD$190,4,0),0) -> 226.41419 | D7: =IFERROR(C7/31,0) -> 7.3036835 | E7: =IFERROR(VLOOKUP($B7,'Trans Nomenclatura'!$A$4:$W$180,19,0),0) -> 6 | F7: =E7-D7 -> -1.3036835 | G7: =IFERROR(E7/D7,0) -> 0.82150329 | L7: BERGAMO 1 | M7: =IFERROR(VLOOKUP($B7,'BDGT Polizze MTD'!$A$3:$AG$175,Interprete_Date!$B$8,0),0) -> 1752.0605 | O7: =IFERROR(VLOOKUP($B7,'Trans Nomenclatura'!$A$4:$W$180,11,0),0) -> 1160.4006 | P7: =IFERROR(O7-M7,-M7) -> -591.65993 | Q7: =IFERROR(O7/M7,0) -> 0.66230622 | U7: BERGAMO 1 | V7: =IFERROR(VLOOKUP($B7,'BDGT Office'!$C$3:$F$180,3,0),0) -> 36 | W7: =IFERROR(V7/31,0) -> 1.1612903 | X7: =IFERROR(VLOOKUP($B7,'Trans Nomenclatura'!$A$4:$W$180,18,0),0) -> 1 | Y7: =X7-W7 -> -0.16129032 | Z7: =IFERROR(X7/W7,0) -> 0.86111111 | AD7: BERGAMO 1 | AE7: =($AM7*Kerb_BRIEFING!$Z$5)/17.23 -> 18.943372 | AF7: =IFERROR(VLOOKUP($AD7,'Trans Nomenclatura'!$A$1:$Y$200,17,0),0) -> 12 | AG7: =AF7-AE7 -> -6.9433719 | AH7: =IFERROR(AF7/AE7,0) -> 0.63346695 | AI7: =IFERROR(_xlfn.NUMBERVALUE(VLOOKUP($AD7,'Trans Nomenclatura'!$A$1:$Y$200,14,0)),0) -> 1 | AJ7: =IFERROR(_xlfn.NUMBERVALUE(VLOOKUP($AD7,'Trans Nomenclatura'!$A$1:$Y$200,16,0)),0) -> 1 | AK7: =IFERROR(_xlfn.NUMBERVALUE(VLOOKUP($AD7,'Trans Nomenclatura'!$A$1:$Y$200,15,0)),0) -> 2 | AL7: =IFERROR(_xlfn.NUMBERVALUE(VLOOKUP($AD7,'Trans Nomenclatura'!$A$1:$Y$200,20,0)),0) -> 2 | AM7: =IFERROR(VLOOKUP($B7,'BDGT MW Services MTD'!$A$3:$AF$174,Interprete_Date!$B$8,0),0) -> 502.14507 | AN7: =IFERROR(VLOOKUP($B7,'Trans Nomenclatura'!$A$4:$W$180,13,0),0) -> 434.56 | AO7: =AN7-AM7 -> -67.585074 | AP7: =IFERROR(AN7/AM7,0) -> 0.86540728 | AT7: BERGAMO 1 | AU7: =IFERROR(VLOOKUP($B7,'FCST Sales'!$A$3:$AF$180,Interprete_Date!$B$8,0),0) -> 50264.319 | AV7: =IFERROR(VLOOKUP($B7,'Trans Nomenclatura'!$A$4:$Y$200,3,0),0) -> 27833.85 | AW7: =AV7-AU7 -> -22430.469 | AX7: =(AU7-AT7)/ABS(AT7) -> #VALUE! | AY7: =IFERROR((BA7/AU7),0) -> 0.55374967 | AZ7: =IFERROR(VLOOKUP($B7,'Trans Nomenclatura'!$A$4:$Y$200,4,0),0) -> 34864.33 | BA7: =IFERROR(VLOOKUP($B7,'Trans Nomenclatura'!$A$4:$Y$200,3,0),0) -> 27833.85 | BB7: =BA7-AZ7 -> -7030.48 | BC7: =(BA7-AZ7)/ABS(AZ7) -> -0.20165252 | BD7: =IFERROR(BC7,0) -> -0.20165252 | BH7: BERGAMO 1 | BI7: =IFERROR(VLOOKUP($B7,'Trans Nomenclatura'!$A$4:$Y$200,7,0),0) -> 1179 | BJ7: =IFERROR(VLOOKUP($B7,'Trans Nomenclatura'!$A$4:$Y$200,6,0),0) -> 1116 | BK7: =BJ7-BI7 -> -63 | BL7: =(BJ7-BI7)/ABS(BI7) -> -0.053435115 | BM7: =IFERROR(BL7,0) -> -0.053435115 | BQ7: BERGAMO 1 | BR7: =IFERROR(VLOOKUP($B7,'Trans Nomenclatura'!$A$4:$Y$200,25,0),0) -> 1454.31 | BS7: =(#REF!-BR7)/ABS(BR7) -> #REF! | BT7: =IFERROR(BR7/AV7,0) -> 0.052249689 | BW7: =IFERROR(O7*1.95,0) -> 2262.7811 | BX7: =BW7/BA7 -> 0.081296016 | CA7: BERGAMO 1 | CB7: =CE7 -> 19.800238 | CC7: =IFERROR(VLOOKUP(CA7,'FCST Sales'!$A$3:$AG$180,Interprete_Date!$B$8,0),0) -> 50264.319 | CD7: =IFERROR(CC7*$CD$3,0) -> 351.85023 | CE7: =IFERROR(CD7/$CE$3,0) -> 19.800238 | CF7: =IFERROR(VLOOKUP($B7,U300_ACT!$B$2:$C$180,2,0),0) -> 3 | CG7: =IFERROR(CF7-CB7,0) -> -16.800238 | CH7: =IFERROR(CF7/CB7,0) -> 0.15151333 | CL7: BERGAMO 1 | CM7: =IFERROR(VLOOKUP($CL7,TRASFDATI_ACT!$B$2:$E$200,2,0),0) -> 22.4 | CN7: =IFERROR(VLOOKUP($B7,Smartphone_Sales!$B$2:$D$200,2,0),0) -> 15871.11 | CO7: =IFERROR(VLOOKUP($B7,Smartphone_Sales!$B$2:$D$200,3,0),0) -> 43 | CP7: =IFERROR(CM7/CN7,0) -> 0.0014113695 | CQ7: =CP7 -> 0.0014113695 | CU7: BERGAMO 1 | CV7: =IFERROR(VLOOKUP($CU7,iphone_ACT!$B$2:$F$180,2,0),0) -> 9588.89 | CW7: =IFERROR(VLOOKUP($CU7,iphone_ACT!$B$2:$F$180,3,0),0) -> 10029.49 | CX7: =IFERROR((CV7-CW7)/ABS(CW7),0) -> -0.043930449 | CY7: =IFERROR(CX7,0) -> -0.043930449 | CZ7: =IFERROR(VLOOKUP($CU7,iphone_ACT!$B$2:$F$180,4,0),0) -> 13 | DA7: =IFERROR(VLOOKUP($CU7,iphone_ACT!$B$2:$F$180,5,0),0) -> 14 | DB7: =IFERROR((CZ7-DA7)/ABS(DA7),0) -> -0.071428571 | DC7: =IFERROR(DB7,0) -> -0.071428571
B8: BERGAMO 2 | C8: =IFERROR(VLOOKUP($B8,'BDGT McAfee'!$AZ$6:$BD$190,4,0),0) -> 297.78021 | D8: =IFERROR(C8/31,0) -> 9.6058132 | E8: =IFERROR(VLOOKUP($B8,'Trans Nomenclatura'!$A$4:$W$180,19,0),0) -> 1 | F8: =E8-D8 -> -8.6058132 | G8: =IFERROR(E8/D8,0) -> 0.10410363 | L8: BERGAMO 2 | M8: =IFERROR(VLOOKUP($B8,'BDGT Polizze MTD'!$A$3:$AG$175,Interprete_Date!$B$8,0),0) -> 2311.9804 | O8: =IFERROR(VLOOKUP($B8,'Trans Nomenclatura'!$A$4:$W$180,11,0),0) -> 1394.3431 | P8: =IFERROR(O8-M8,-M8) -> -917.63731 | Q8: =IFERROR(O8/M8,0) -> 0.60309469 | U8: BERGAMO 2 | V8: =IFERROR(VLOOKUP($B8,'BDGT Office'!$C$3:$F$180,3,0),0) -> 30 | W8: =IFERROR(V8/31,0) -> 0.96774194 | X8: =IFERROR(VLOOKUP($B8,'Trans Nomenclatura'!$A$4:$W$180,18,0),0) -> 0 | Y8: =X8-W8 -> -0.96774194 | Z8: =IFERROR(X8/W8,0) -> 0 | AD8: BERGAMO 2 | AE8: =($AM8*Kerb_BRIEFING!$Z$5)/17.23 -> 19.107137 | AF8: =IFERROR(VLOOKUP($AD8,'Trans Nomenclatura'!$A$1:$Y$200,17,0),0) -> 15 | AG8: =AF8-AE8 -> -4.1071365 | AH8: =IFERROR(AF8/AE8,0) -> 0.78504699 | AI8: =IFERROR(_xlfn.NUMBERVALUE(VLOOKUP($AD8,'Trans Nomenclatura'!$A$1:$Y$200,14,0)),0) -> 0 | AJ8: =IFERROR(_xlfn.NUMBERVALUE(VLOOKUP($AD8,'Trans Nomenclatura'!$A$1:$Y$200,16,0)),0) -> 3 | AK8: =IFERROR(_xlfn.NUMBERVALUE(VLOOKUP($AD8,'Trans Nomenclatura'!$A$1:$Y$200,15,0)),0) -> 5 | AL8: =IFERROR(_xlfn.NUMBERVALUE(VLOOKUP($AD8,'Trans Nomenclatura'!$A$1:$Y$200,20,0)),0) -> 1 | AM8: =IFERROR(VLOOKUP($B8,'BDGT MW Services MTD'!$A$3:$AF$174,Interprete_Date!$B$8,0),0) -> 506.4861 | AN8: =IFERROR(VLOOKUP($B8,'Trans Nomenclatura'!$A$4:$W$180,13,0),0) -> 366.04 | AO8: =AN8-AM8 -> -140.4461 | AP8: =IFERROR(AN8/AM8,0) -> 0.72270493 | AT8: BERGAMO 2 | AU8: =IFERROR(VLOOKUP($B8,'FCST Sales'!$A$3:$AF$180,Interprete_Date!$B$8,0),0) -> 65626.447 | AV8: =IFERROR(VLOOKUP($B8,'Trans Nomenclatura'!$A$4:$Y$200,3,0),0) -> 43426.56 | AW8: =AV8-AU8 -> -22199.887 | AX8: =(AU8-AT8)/ABS(AT8) -> #VALUE! | AY8: =IFERROR((BA8/AU8),0) -> 0.66172347 | AZ8: =IFERROR(VLOOKUP($B8,'Trans Nomenclatura'!$A$4:$Y$200,4,0),0) -> 28099.99 | BA8: =IFERROR(VLOOKUP($B8,'Trans Nomenclatura'!$A$4:$Y$200,3,0),0) -> 43426.56 | BB8: =BA8-AZ8 -> 15326.57 | BC8: =(BA8-AZ8)/ABS(AZ8) -> 0.54542973 | BD8: =IFERROR(BC8,0) -> 0.54542973 | BH8: BERGAMO 2 | BI8: =IFERROR(VLOOKUP($B8,'Trans Nomenclatura'!$A$4:$Y$200,7,0),0) -> 1599 | BJ8: =IFERROR(VLOOKUP($B8,'Trans Nomenclatura'!$A$4:$Y$200,6,0),0) -> 1856 | BK8: =BJ8-BI8 -> 257 | BL8: =(BJ8-BI8)/ABS(BI8) -> 0.16072545 | BM8: =IFERROR(BL8,0) -> 0.16072545 | BQ8: BERGAMO 2 | BR8: =IFERROR(VLOOKUP($B8,'Trans Nomenclatura'!$A$4:$Y$200,25,0),0) -> 1044.25 | BS8: =(#REF!-BR8)/ABS(BR8) -> #REF! | BT8: =IFERROR(BR8/AV8,0) -> 0.024046344 | BW8: =IFERROR(O8*1.95,0) -> 2718.9691 | BX8: =BW8/BA8 -> 0.062610741 | CA8: BERGAMO 2 | CB8: =CE8 -> 25.851724 | CC8: =IFERROR(VLOOKUP(CA8,'FCST Sales'!$A$3:$AG$180,Interprete_Date!$B$8,0),0) -> 65626.447 | CD8: =IFERROR(CC8*$CD$3,0) -> 459.38513 | CE8: =IFERROR(CD8/$CE$3,0) -> 25.851724 | CF8: =IFERROR(VLOOKUP($B8,U300_ACT!$B$2:$C$180,2,0),0) -> 4 | CG8: =IFERROR(CF8-CB8,0) -> -21.851724 | CH8: =IFERROR(CF8/CB8,0) -> 0.15472856 | CL8: BERGAMO 2 | CM8: =IFERROR(VLOOKUP($CL8,TRASFDATI_ACT!$B$2:$E$200,2,0),0) -> 49.17 | CN8: =IFERROR(VLOOKUP($B8,Smartphone_Sales!$B$2:$D$200,2,0),0) -> 21766.27 | CO8: =IFERROR(VLOOKUP($B8,Smartphone_Sales!$B$2:$D$200,3,0),0) -> 67 | CP8: =IFERROR(CM8/CN8,0) -> 0.0022589998 | CQ8: =CP8 -> 0.0022589998 | CU8: BERGAMO 2 | CV8: =IFERROR(VLOOKUP($CU8,iphone_ACT!$B$2:$F$180,2,0),0) -> 10413.49 | CW8: =IFERROR(VLOOKUP($CU8,iphone_ACT!$B$2:$F$180,3,0),0) -> 15887.68 | CX8: =IFERROR((CV8-CW8)/ABS(CW8),0) -> -0.34455566 | CY8: =IFERROR(CX8,0) -> -0.34455566 | CZ8: =IFERROR(VLOOKUP($CU8,iphone_ACT!$B$2:$F$180,4,0),0) -> 16 | DA8: =IFERROR(VLOOKUP($CU8,iphone_ACT!$B$2:$F$180,5,0),0) -> 23 | DB8: =IFERROR((CZ8-DA8)/ABS(DA8),0) -> -0.30434783 | DC8: =IFERROR(DB8,0) -> -0.30434783
B9: BUSNAGO | C9: =IFERROR(VLOOKUP($B9,'BDGT McAfee'!$AZ$6:$BD$190,4,0),0) -> 191.32168 | D9: =IFERROR(C9/31,0) -> 6.171667 | E9: =IFERROR(VLOOKUP($B9,'Trans Nomenclatura'!$A$4:$W$180,19,0),0) -> 0 | F9: =E9-D9 -> -6.171667 | G9: =IFERROR(E9/D9,0) -> 0 | L9: BUSNAGO | M9: =IFERROR(VLOOKUP($B9,'BDGT Polizze MTD'!$A$3:$AG$175,Interprete_Date!$B$8,0),0) -> 1460.5454 | O9: =IFERROR(VLOOKUP($B9,'Trans Nomenclatura'!$A$4:$W$180,11,0),0) -> 594.52094 | P9: =IFERROR(O9-M9,-M9) -> -866.02449 | Q9: =IFERROR(O9/M9,0) -> 0.40705406 | U9: BUSNAGO | V9: =IFERROR(VLOOKUP($B9,'BDGT Office'!$C$3:$F$180,3,0),0) -> 46.8 | W9: =IFERROR(V9/31,0) -> 1.5096774 | X9: =IFERROR(VLOOKUP($B9,'Trans Nomenclatura'!$A$4:$W$180,18,0),0) -> 0 | Y9: =X9-W9 -> -1.5096774 | Z9: =IFERROR(X9/W9,0) -> 0 | AD9: BUSNAGO | AE9: =($AM9*Kerb_BRIEFING!$Z$5)/17.23 -> 16.096293 | AF9: =IFERROR(VLOOKUP($AD9,'Trans Nomenclatura'!$A$1:$Y$200,17,0),0) -> 8 | AG9: =AF9-AE9 -> -8.096293 | AH9: =IFERROR(AF9/AE9,0) -> 0.49700885 | AI9: =IFERROR(_xlfn.NUMBERVALUE(VLOOKUP($AD9,'Trans Nomenclatura'!$A$1:$Y$200,14,0)),0) -> 0 | AJ9: =IFERROR(_xlfn.NUMBERVALUE(VLOOKUP($AD9,'Trans Nomenclatura'!$A$1:$Y$200,16,0)),0) -> 1 | AK9: =IFERROR(_xlfn.NUMBERVALUE(VLOOKUP($AD9,'Trans Nomenclatura'!$A$1:$Y$200,15,0)),0) -> 1 | AL9: =IFERROR(_xlfn.NUMBERVALUE(VLOOKUP($AD9,'Trans Nomenclatura'!$A$1:$Y$200,20,0)),0) -> 1 | AM9: =IFERROR(VLOOKUP($B9,'BDGT MW Services MTD'!$A$3:$AF$174,Interprete_Date!$B$8,0),0) -> 426.67558 | AN9: =IFERROR(VLOOKUP($B9,'Trans Nomenclatura'!$A$4:$W$180,13,0),0) -> 155.41 | AO9: =AN9-AM9 -> -271.26558 | AP9: =IFERROR(AN9/AM9,0) -> 0.36423458 | AT9: BUSNAGO | AU9: =IFERROR(VLOOKUP($B9,'FCST Sales'!$A$3:$AF$180,Interprete_Date!$B$8,0),0) -> 40209.189 | AV9: =IFERROR(VLOOKUP($B9,'Trans Nomenclatura'!$A$4:$Y$200,3,0),0) -> 20284.38 | AW9: =AV9-AU9 -> -19924.809 | AX9: =(AU9-AT9)/ABS(AT9) -> #VALUE! | AY9: =IFERROR((BA9/AU9),0) -> 0.50447125 | AZ9: =IFERROR(VLOOKUP($B9,'Trans Nomenclatura'!$A$4:$Y$200,4,0),0) -> 25292.73 | BA9: =IFERROR(VLOOKUP($B9,'Trans Nomenclatura'!$A$4:$Y$200,3,0),0) -> 20284.38 | BB9: =BA9-AZ9 -> -5008.35 | BC9: =(BA9-AZ9)/ABS(AZ9) -> -0.1980154 | BD9: =IFERROR(BC9,0) -> -0.1980154 | BH9: BUSNAGO | BI9: =IFERROR(VLOOKUP($B9,'Trans Nomenclatura'!$A$4:$Y$200,7,0),0) -> 1058 | BJ9: =IFERROR(VLOOKUP($B9,'Trans Nomenclatura'!$A$4:$Y$200,6,0),0) -> 1063 | BK9: =BJ9-BI9 -> 5 | BL9: =(BJ9-BI9)/ABS(BI9) -> 0.0047258979 | BM9: =IFERROR(BL9,0) -> 0.0047258979 | BQ9: BUSNAGO | BR9: =IFERROR(VLOOKUP($B9,'Trans Nomenclatura'!$A$4:$Y$200,25,0),0) -> 599.24 | BS9: =(#REF!-BR9)/ABS(BR9) -> #REF! | BT9: =IFERROR(BR9/AV9,0) -> 0.029541943 | BW9: =IFERROR(O9*1.95,0) -> 1159.3158 | BX9: =BW9/BA9 -> 0.057153132 | CA9: BUSNAGO | CB9: =CE9 -> 15.839298 | CC9: =IFERROR(VLOOKUP(CA9,'FCST Sales'!$A$3:$AG$180,Interprete_Date!$B$8,0),0) -> 40209.189 | CD9: =IFERROR(CC9*$CD$3,0) -> 281.46433 | CE9: =IFERROR(CD9/$CE$3,0) -> 15.839298 | CF9: =IFERROR(VLOOKUP($B9,U300_ACT!$B$2:$C$180,2,0),0) -> 1 | CG9: =IFERROR(CF9-CB9,0) -> -14.839298 | CH9: =IFERROR(CF9/CB9,0) -> 0.063134111 | CL9: BUSNAGO | CM9: =IFERROR(VLOOKUP($CL9,TRASFDATI_ACT!$B$2:$E$200,2,0),0) -> 8.6 | CN9: =IFERROR(VLOOKUP($B9,Smartphone_Sales!$B$2:$D$200,2,0),0) -> 5976.14 | CO9: =IFERROR(VLOOKUP($B9,Smartphone_Sales!$B$2:$D$200,3,0),0) -> 23 | CP9: =IFERROR(CM9/CN9,0) -> 0.001439056 | CQ9: =CP9 -> 0.001439056 | CU9: BUSNAGO | CV9: =IFERROR(VLOOKUP($CU9,iphone_ACT!$B$2:$F$180,2,0),0) -> 1907.37 | CW9: =IFERROR(VLOOKUP($CU9,iphone_ACT!$B$2:$F$180,3,0),0) -> 3815.57 | CX9: =IFERROR((CV9-CW9)/ABS(CW9),0) -> -0.50010876 | CY9: =IFERROR(CX9,0) -> -0.50010876 | CZ9: =IFERROR(VLOOKUP($CU9,iphone_ACT!$B$2:$F$180,4,0),0) -> 3 | DA9: =IFERROR(VLOOKUP($CU9,iphone_ACT!$B$2:$F$180,5,0),0) -> 5 | DB9: =IFERROR((CZ9-DA9)/ABS(DA9),0) -> -0.4 | DC9: =IFERROR(DB9,0) -> -0.4
